;CO2 Prc;CO2 Vol;Germany_Baseload;BKW;RWE;Verbund
02.11.12;11.23;0;46.75;35.5;35.245;18.145
05.11.12;11.4;0;46.6;34.9;35.075;18.015
06.11.12;11.51;0;47.2;34.25;35.255;17.995
07.11.12;11.35;0;46.85;32.7;34.425;17.5
08.11.12;11.43;0;47.12;32.65;33.53;17.225
09.11.12;11.53;0;46.95;32.85;33.125;17.255
12.11.12;12.47;0;47.8;32.45;33.415;17.23
13.11.12;11.7;0;47.35;32.05;32.945;17.22
14.11.12;11.14;0;47.45;31.8;32.94;17.325
15.11.12;10.26;0;47.15;33.95;32.71;16.72
16.11.12;10.01;0;47.05;32.45;31.865;16.395
19.11.12;9.77;0;46.75;33.7;32.005;16.65
20.11.12;9.79;0;46.7;33.35;31.63;16.65
21.11.12;9.87;0;46.5;33.5;32.13;16.57
22.11.12;9.88;0;46.5;32.7;32.15;16.61
23.11.12;10.12;0;46.65;31.75;32.47;17.3
26.11.12;9.94;0;46.3;32.45;32.002;17.305
27.11.12;9.99;0;46.3;32.35;31.88;17.45
28.11.12;9.98;0;46.2;31.75;31.695;17.64
29.11.12;9.73;0;46.15;31;32.135;17.755
30.11.12;9.27;0;46.05;32;32.095;17.58
03.12.12;8.97;0;46.2;31;32.015;17.625
04.12.12;8.7;0;46.1;31.2;32.24;17.6
05.12.12;9.12;0;46.1;32.05;32.335;17.825
06.12.12;9.38;0;46.05;32;31.82;18.39
07.12.12;9.82;0;45.95;32.5;31.58;18.13
10.12.12;10.18;0;45.9;32.6;31.21;17.985
11.12.12;9.87;0;45.65;31.75;31.995;18.235
12.12.12;9.75;0;45.55;31.5;32.035;18.35
13.12.12;9.66;250;45.45;31.4;30.96;18.45
14.12.12;9.58;0;45.5;30.75;31.25;18.7
17.12.12;9.39;0;45.3;31.3;31.265;18.65
18.12.12;9.63;0;45.45;31.6;31.735;18.7
19.12.12;9.95;0;45.35;31.55;31.725;18.65
20.12.12;10.07;0;45.15;30;31.87;18.77
21.12.12;9.88;0;45;31.45;31.315;19
27.12.12;9.74;0;44;31;31.48;19
28.12.12;9.33;0;44.05;31.4;31.24;18.76
03.01.13;8.97;0;45.2;30.95;31.62;19.94
04.01.13;8.83;0;45.15;32.45;31.915;19.745
07.01.13;9.17;0;45.25;33;31.03;19.495
08.01.13;8.97;0;45;33.5;31.03;19.075
09.01.13;8.68;0;44.75;33.65;31.075;18.55
10.01.13;8.61;0;44.4;33.65;30.775;17.92
11.01.13;8.42;0;44.25;33.6;30.07;17.59
14.01.13;8.4;0;43.75;33.75;29.76;17.495
15.01.13;8.61;0;43.95;33.55;28.875;17.365
16.01.13;8.14;345;43.55;31.15;28.975;17.58
17.01.13;8.1;0;43.05;31.6;29.425;17.77
18.01.13;7.39;1;42.6;31.4;29.11;17.84
21.01.13;7.12;1;42.2;31.35;29.445;17.68
22.01.13;7.68;0;42.55;31;28.585;17.4
23.01.13;6.78;0;41.7;31.4;28.21;17.435
24.01.13;6.35;0;41.3;31.4;28.367;17.27
25.01.13;6.01;269;41.15;31.5;28.495;16.61
28.01.13;6.11;0;41.5;32.05;28.15;16.515
29.01.13;5.92;0;41.15;31.5;28.715;16.12
30.01.13;5.66;70;41;31;28.283;16
31.01.13;5.14;0;40.4;31.5;27.86;15.695
01.02.13;6.11;0;41.4;30.75;27.717;15.795
04.02.13;6.16;0;41.8;31.2;27.476;15.815
05.02.13;6.28;0;41.9;30.5;27.7;16.175
06.02.13;6;0;41.65;31;26.98;16.445
07.02.13;6.01;544;41.7;30.5;27.025;16.5
08.02.13;6.4;125;42.3;29.35;27.425;16.61
11.02.13;6.32;0;42.2;29.5;27.905;17.445
12.02.13;6.46;0;42.55;29.75;28.068;17.245
13.02.13;7.22;0;42.9;29.75;28.035;17.2
14.02.13;7.17;0;42.65;30.6;27.723;17.1
15.02.13;7.09;0;42.4;31;27.365;16.9
18.02.13;7.03;0;42.5;30.1;28.256;17.035
19.02.13;6.47;0;42;30.25;28.317;16.705
20.02.13;6.82;0;42.2;30.5;27.912;16.42
21.02.13;7.18;0;42.7;30.95;27.18;16.1
22.02.13;7.07;0;42.7;29.95;27.797;16.54
25.02.13;6.4;0;41.95;30.15;27.919;16.435
26.02.13;6.07;0;41.8;31.25;27.6;16.16
27.02.13;6.19;30;41.85;30.1;27.635;15.72
28.02.13;6.66;0;42.4;30.45;28.335;15.92
01.03.13;6.48;0;42;30.1;28.685;15.615
04.03.13;6.44;0;41.7;30;28.85;15.86
05.03.13;6;0;41.45;30;29.195;16.375
06.03.13;6.03;0;41.35;31.75;28.55;15.84
07.03.13;6.05;0;41.4;31.3;28.585;16.095
08.03.13;5.97;0;41.3;31.55;28.925;16.5
11.03.13;5.63;0;40.95;31.75;28.74;16.365
12.03.13;5.35;0;40.8;31.5;28.32;16.1
13.03.13;5.06;100;40.65;30.3;28.335;16.08
14.03.13;5.27;0;40.55;30.05;28.63;16.08
15.03.13;5.37;50;40.5;31.05;28.58;16.195
18.03.13;5.11;0;40.4;30.6;28.695;16.005
19.03.13;5.1;0;40.25;31.25;28.6;16.06
20.03.13;5.56;0;40.6;31.55;28.89;16.695
21.03.13;6.08;0;41;30.75;29.575;17.15
22.03.13;5.73;0;40.75;31;29.774;17.195
25.03.13;6.12;0;41.2;31.5;29.09;16.9
26.03.13;6.25;0;41.5;31.1;29.145;17.06
27.03.13;6.64;0;41.85;31.35;28.76;17.02
28.03.13;6.48;0;41.6;33.6;29.209;16.91
02.04.13;6.62;0;41.15;32.6;29.61;16.95
03.04.13;6.62;0;41.4;32.65;29.06;17.095
04.04.13;6.76;0;41.6;32.05;29.135;17.19
05.04.13;6.94;0;41.55;31.7;28.915;17.165
08.04.13;6.97;0;41.52;32.2;28.985;17.07
09.04.13;6.48;0;40.95;32.3;29.232;17.235
10.04.13;5.79;10;40.55;31.55;30.545;17.86
11.04.13;5.83;0;40.55;31.15;30.435;18.125
12.04.13;6.26;32;40.9;31.05;30.645;17.895
15.04.13;6.25;0;40.8;31.15;30.05;17.39
16.04.13;4.26;0;39.55;30.75;29.97;16.18
17.04.13;3.81;0;39;30.4;29.8;15.995
18.04.13;4.15;0;39.25;29.8;28.385;16.055
19.04.13;4.28;0;39.4;29.55;26.045;16.23
22.04.13;3.95;0;39.2;30.5;26.26;16.625
23.04.13;4.14;0;39.3;30.9;26.165;16.54
24.04.13;4.09;0;39.3;31;26.62;16.005
25.04.13;4.04;0;39.35;31.05;26.925;16.215
26.04.13;4.19;0;39.25;31.65;26.94;16.18
29.04.13;4.42;0;39.3;32;27.24;16.595
30.04.13;4.2;0;38.71;32;27.317;16.625
02.05.13;4.14;100;38.55;31.5;27.31;15.875
03.05.13;4.83;0;38.9;31.7;27.785;16.135
06.05.13;4.98;0;38.95;31.15;27.86;16.2
07.05.13;4.82;0;38.9;31.8;27.63;16.13
08.05.13;4.55;0;38.75;32;27.635;16.15
10.05.13;4.42;0;38.6;32;27.85;16.7
13.05.13;4.3;0;38.45;31.75;27.645;16.9
14.05.13;4.57;0;38.65;32.1;27.66;16.955
15.05.13;4.7;0;38.75;32.4;27.383;17.05
16.05.13;4.76;0;38.7;32.15;27.195;16.96
17.05.13;4.6;0;38.4;32.4;27.436;16.64
21.05.13;4.62;0;38.77;32.5;27.69;16.41
22.05.13;4.35;0;38.6;31.75;27.576;16.1
23.05.13;4.44;0;38.6;30.9;27.66;16.175
24.05.13;4.65;0;38.65;31.4;27.41;16.04
27.05.13;4.59;0;38.65;32.2;27.435;16.095
28.05.13;4.78;0;38.8;31.3;27.405;16.28
29.05.13;4.96;0;38.75;31.25;26.959;16.13
31.05.13;5.19;0;38.7;31.9;26.45;16.13
03.06.13;5.17;0;38.5;31.55;26.13;15.63
04.06.13;5.24;0;38.5;30.9;26.12;15.995
05.06.13;5.4;0;38.5;30.85;26.075;15.94
06.06.13;5.41;25;38.4;31;26.185;15.76
07.06.13;5.56;0;38.5;30.9;26.345;15.915
10.06.13;5.47;0;38.5;30.55;26.195;15.95
11.06.13;5.65;0;37.9;30.3;25.915;15.95
12.06.13;5.98;0;38.05;30.05;26.146;15.96
13.06.13;5.87;0;37.75;30.75;26.254;16.02
14.06.13;6.26;0;38.3;29.85;26.01;15.735
17.06.13;6.06;0;38.1;29.95;26.38;15.8
18.06.13;6.11;0;38;29.5;26.295;15.415
19.06.13;5.73;0;37.9;29.5;25.9;15.445
20.06.13;5.77;0;37.8;28.85;25.125;15.41
21.06.13;5.72;0;37.45;28.3;24.59;15.105
24.06.13;5.47;0;37.25;28.2;24.28;14.6
25.06.13;5.62;0;37.55;28.6;24.21;14.3
26.06.13;5.76;0;37.6;28.65;24.747;14.575
27.06.13;5.76;0;37.55;28.6;24.59;14.575
28.06.13;5.52;0;37.5;28.6;24.544;14.59
01.07.13;5.55;0;37.85;28.65;23.33;14.59
02.07.13;5.6;0;38.1;28.6;22.25;14.705
03.07.13;6.01;0;38.25;29.05;22.35;14.425
04.07.13;5.98;0;38.1;29.25;22.63;14.72
05.07.13;5.54;0;38.15;29.25;22.27;14.43
08.07.13;5.48;0;38.14;29.35;22.388;14.48
09.07.13;5.39;0;37.85;29.75;22.459;14.4
10.07.13;5.24;0;37.65;30.1;22.386;14.365
11.07.13;5.29;0;37.65;30.3;22.685;14.525
12.07.13;5.24;0;37.65;30.6;22.545;14.395
15.07.13;5.25;0;37.65;30.7;22.507;14.51
16.07.13;5.3;25;37.75;30.7;22.48;14.81
17.07.13;5.29;0;37.75;30.6;22.465;14.77
18.07.13;5.3;0;37.4;30.5;22.51;14.935
19.07.13;5.36;0;37.45;30.5;22.425;15
22.07.13;5.39;0;37.55;30.5;23.08;15.19
23.07.13;5.46;0;37.5;30.5;23.365;15.155
24.07.13;5.51;0;37.45;30.5;23.41;15.25
25.07.13;5.54;0;37.5;30.7;23.435;15.105
26.07.13;5.56;0;37.3;30.5;23.535;15.13
29.07.13;5.56;0;37.3;30.6;22.973;15.3
30.07.13;5.52;0;36.95;30.5;23.03;15.09
31.07.13;5.57;0;36.7;30.5;22.585;14.825
02.08.13;5.63;0;36.55;30.9;22.615;14.95
05.08.13;5.66;0;36.2;30.8;22.043;14.815
06.08.13;5.76;0;36.4;30.6;20.79;14.495
07.08.13;5.71;0;36.25;30.9;21.155;14.5
08.08.13;5.77;0;36.4;30.75;21.445;14.49
09.08.13;5.69;0;36.5;30.85;21.5;14.55
12.08.13;5.55;0;36.55;30.9;21.34;14.45
13.08.13;5.53;0;36.4;31;22.315;14.51
14.08.13;5.59;0;36.6;31.1;21.41;14.505
16.08.13;5.58;0;36.55;30.55;21.24;15.005
19.08.13;5.55;0;36.45;30.7;21.305;15.2
20.08.13;5.57;0;36.54;30.6;21;15.29
21.08.13;5.59;0;36.5;30.5;20.935;15.085
22.08.13;5.74;0;36.7;30.65;21.164;15.08
23.08.13;5.65;0;36.65;30.45;21.265;15.07
26.08.13;5.64;0;36.55;30.5;21.03;15.15
27.08.13;5.76;0;36.6;30.4;20.71;14.885
28.08.13;5.83;0;36.6;30.55;21.3;14.83
29.08.13;5.81;0;36.75;30.4;21.05;14.695
30.08.13;5.78;0;36.75;30.6;20.745;14.575
02.09.13;5.72;0;37.4;30.45;21.1;14.545
03.09.13;5.62;0;37.36;30.55;21.18;14.7
04.09.13;5.76;0;37.85;30.6;21.23;14.8
05.09.13;6.2;0;38.5;30.5;21.869;14.865
06.09.13;6.62;0;39.15;31.25;23.29;15.155
09.09.13;6.67;0;38.7;31.15;22.945;15.22
10.09.13;6.47;0;38.5;31.6;23.41;16.05
11.09.13;6.61;0;38.76;32.25;25.09;16.9
12.09.13;7.06;0;39.6;31.2;25.635;16.635
13.09.13;6.8;0;39.4;31.85;25.56;16.75
16.09.13;6.88;0;39.4;31.45;25.325;16.75
17.09.13;7.16;0;39.35;31.45;25.5;16.83
18.09.13;7.02;0;39.4;31.5;25.67;17
19.09.13;6.79;0;38.7;31.55;24.895;17.085
20.09.13;6.79;0;38.6;31.5;24.45;16.94
23.09.13;6.9;0;39.1;31;24.545;17.065
24.09.13;6.85;0;38.89;31.3;24.98;17.12
25.09.13;6.87;0;39.1;31.1;24.947;16.995
26.09.13;6.96;0;39.2;31.2;25.525;17.01
27.09.13;6.86;0;38.85;31.5;25.44;17.14
30.09.13;6.48;0;38.2;31.45;25.148;16.73
01.10.13;6.59;0;38.1;31.3;25.14;16.99
02.10.13;6.72;0;38.21;31.3;25.03;17.025
03.10.13;6.64;0;38.3;30.75;25.062;16.98
04.10.13;6.56;0;38.05;30.55;25.622;16.625
07.10.13;6.38;0;38.45;31.4;26.965;16.57
08.10.13;6.27;0;37.8;31.05;26.85;16.66
09.10.13;6.16;0;37.75;30.75;27.121;16.765
10.10.13;6.11;0;37.55;31.2;27.355;17.005
11.10.13;5.97;0;37.3;31.5;26.73;16.715
14.10.13;6.19;0;37.5;31;27.37;16.5
15.10.13;6.36;0;37.5;31;27.07;16.7
16.10.13;6.77;0;38.25;30.9;27.34;16.895
17.10.13;6.6;0;38.1;30.7;27.4;17.45
18.10.13;6.55;0;38.1;31;27.1;17.715
21.10.13;5.94;0;37.8;31;26.93;17.475
22.10.13;6.07;0;37.85;30.8;27.03;17.275
23.10.13;5.97;0;37.8;30.5;26.599;17.26
24.10.13;6.03;0;37.75;30.6;26.707;17.205
25.10.13;6.44;0;37.9;30.95;27.02;16.99
28.10.13;6.24;0;37.45;30.05;27.235;17.2
29.10.13;6.51;0;37.7;30.05;27.35;17.17
30.10.13;6.38;0;37.65;31.2;27.49;16.995
31.10.13;6.19;0;37.5;31.5;27.28;17.295
04.11.13;5.91;0;37.4;31.45;26.955;17.5
05.11.13;6.18;0;37.9;31.95;27.475;17.705
06.11.13;6.19;0;37.85;32;27.816;17.625
07.11.13;6.21;0;38;32.25;26.8;17.5
08.11.13;5.86;0;37.9;32;27;16.9
11.11.13;5.98;0;38;31.05;26.835;16.565
12.11.13;6.01;0;37.7;31.2;26.545;16.545
13.11.13;6.02;0;37.65;31;27.12;16.175
14.11.13;5.96;0;37.6;31;25.635;16.41
15.11.13;5.86;0;37.7;31;26.216;16.45
18.11.13;5.68;0;37.65;30.95;27.705;16.8
19.11.13;5.78;0;37.6;30.5;27.43;16.63
20.11.13;5.84;0;37.8;30.5;27.415;16.52
21.11.13;5.73;0;37.4;30.35;28.225;16.53
22.11.13;5.75;0;37.4;30.5;28.675;16.25
25.11.13;5.72;0;37.25;30.45;28.435;16.475
26.11.13;5.81;0;37.3;30.5;28.12;16.07
27.11.13;5.79;0;37.15;30;28.148;16.43
28.11.13;5.72;0;36.9;30.2;28.208;16.23
29.11.13;5.62;0;36.9;29.95;28.235;15.99
02.12.13;5.79;0;37.2;29.5;28.06;15.87
03.12.13;5.75;0;37.15;29;27.085;15.575
04.12.13;5.73;0;37.21;28.8;27.14;15.12
05.12.13;5.91;0;37.6;28.6;26.79;15.1
06.12.13;6.19;0;37.6;28.25;27.03;15.5
09.12.13;6.4;0;37.7;28.3;27.014;15.365
10.12.13;6.58;0;37.6;28.2;26.76;15.29
11.12.13;6.5;0;37.4;28.25;26.5;15.19
12.12.13;6.52;20;37.45;28.2;26.501;15.145
13.12.13;6.37;0;37.6;28.4;26.23;15.435
16.12.13;6.15;0;37.5;28.3;26.2;15.585
17.12.13;6.36;0;37.55;28;25.65;15.325
18.12.13;6.31;0;37.65;28.05;26.04;15.12
19.12.13;6.33;0;37.6;28.3;26.19;15.335
20.12.13;6.11;50;37.3;28.15;26.27;15.32
23.12.13;6.12;0;37.35;28;26.252;15.275
27.12.13;6.25;0;37.35;28.7;26.585;15.525
30.12.13;6.2;0;36.8;28.65;26.605;15.515
03.01.14;5.97;0;36.1;29.35;25.593;15.475
07.01.14;5.85;0;35.9;28.8;25.67;15.57
08.01.14;5.74;0;36;28.7;25.166;15.84
09.01.14;5.67;525;36.03;28.4;24.975;16
10.01.14;5.69;0;35.9;29;25.43;16.07
13.01.14;5.8;0;36;28.95;25.47;15.975
14.01.14;6.05;0;36.1;29.4;26.855;16.035
15.01.14;6.05;0;36.2;29.35;27.7;16.145
16.01.14;6.38;0;36.5;29.7;27.497;16.325
17.01.14;6.39;0;36.75;29.8;26.88;16.48
20.01.14;6.21;0;36.7;29.7;26.918;16.48
21.01.14;6.33;0;36.75;29.7;26.905;16.38
22.01.14;6.45;0;36.6;29.5;27.57;16.54
23.01.14;6.35;0;36.6;29.65;27.58;16.665
24.01.14;6.64;0;36.85;29.2;26.955;16.64
27.01.14;6.79;0;36.7;29;26.97;16.36
28.01.14;6.95;0;36.7;28.9;26.91;16.285
29.01.14;6.96;0;36.6;28.95;26.8;16.105
30.01.14;7.21;0;36.65;28.6;27.28;15.98
31.01.14;6.98;0;36.35;28.6;27.43;15.64
03.02.14;7.4;500;36.45;28.8;27.115;15.845
04.02.14;7.4;0;36.55;28.25;26.95;15.675
05.02.14;7.73;0;36.7;28.55;27.08;15.85
06.02.14;8.21;0;36.9;28.5;27.559;16
07.02.14;8.19;0;36.8;28.3;27.835;16.195
10.02.14;8.15;0;36.75;28.4;27.49;16.31
11.02.14;7.97;0;36.6;28.4;27.875;16.515
12.02.14;8.09;0;36.65;28.95;27.894;16.47
13.02.14;8.13;0;36.7;28.95;28.454;15.1
14.02.14;8.34;0;36.75;29;28.85;14.83
17.02.14;8.62;0;36.95;29.4;28.847;15.165
18.02.14;8.54;0;36.9;29.3;29.07;15.14
19.02.14;8.91;25;36.65;29.45;29.518;15.27
20.02.14;8.99;0;36.5;29.3;29.6;15.315
21.02.14;9.17;0;36.63;29.4;30.42;15.62
24.02.14;9.01;0;36.2;29.5;30.64;15.69
25.02.14;8.07;25;35.6;29.4;30.01;15.63
26.02.14;8.39;0;35.6;29.4;29.06;15.45
27.02.14;8.42;2000;35.7;29.4;28.405;15.45
28.02.14;9.18;0;36.05;29.45;28.62;15.35
03.03.14;8.67;0;36.55;28.9;28.37;15.16
04.03.14;8.88;0;36.3;28.9;29.07;15.36
05.03.14;8.82;0;36.1;28.95;29.035;15.54
06.03.14;8.83;0;36.1;29.7;28.3;15.5
07.03.14;8.93;0;36.2;29.6;28.22;15.66
10.03.14;8.92;0;36.05;29.5;28.21;15.5
11.03.14;8.82;0;35.9;29.5;28.53;15.235
12.03.14;8.45;0;35.7;29.45;28.535;14.94
13.03.14;8.36;0;35.5;29.65;27.49;14.74
14.03.14;8.17;0;35.55;29.3;28.365;14.635
17.03.14;7.64;0;35.3;29.5;28.785;14.665
18.03.14;7.51;0;35.25;29.6;29.045;14.99
19.03.14;7.78;0;35.25;29.9;28.72;14.76
20.03.14;7.8;0;35.3;29.9;29.05;14.74
21.03.14;7.99;115;35.5;29.5;28.685;14.79
24.03.14;7.65;0;35.2;29.85;28.515;14.49
25.03.14;7.67;0;34.95;29.8;28.67;14.395
26.03.14;7.57;0;34.85;29.35;28.54;14.845
27.03.14;6.8;2;34.65;29.9;28.605;14.645
28.03.14;5.69;200;34.15;30.5;29.47;15.025
31.03.14;5.96;0;34.3;31.3;29.345;14.93
01.04.14;6.41;316;34.3;31.75;29.49;15.055
02.04.14;6.12;0;33.85;31.8;29.51;14.955
03.04.14;6.13;0;33.85;31.55;29.225;15
04.04.14;5.89;0;33.75;31.65;29.13;15.1
07.04.14;6.23;694;34.1;30.75;28.73;15.1
08.04.14;6.08;330;33.9;31.25;28.505;15.1
09.04.14;6.17;25;33.9;31.55;28.78;15.1
10.04.14;6.36;41;34.1;31.6;28.52;15.26
11.04.14;6.58;42;34.3;30.2;28.635;15.165
14.04.14;6.49;0;34.45;30.65;28.64;15.09
15.04.14;6.85;58;34.8;30.4;28.66;14.87
16.04.14;6.76;0;34.85;31;28.72;14.37
17.04.14;6.87;0;34.72;30.75;27.15;14.21
22.04.14;7.02;0;34.6;31.05;27.71;14.185
23.04.14;7.01;0;34.6;31.6;27.46;14.165
24.04.14;7.09;0;34.95;31.5;26.96;14
25.04.14;6.36;12;34.9;32;26.85;14.005
28.04.14;6.48;260;35.1;32.6;27.14;13.73
29.04.14;6.75;0;34.9;32.1;27.385;14
30.04.14;6.75;27;34.75;32.35;27.485;13.975
02.05.14;6.49;0;34.75;33.75;27.135;14.12
05.05.14;6.51;0;34.65;32.7;26.975;14.025
06.05.14;6.51;0;34.65;33.5;26.755;13.85
07.05.14;6.4;0;34.34;33.15;27.09;13.67
08.05.14;6.41;0;34.35;32.9;27.585;13.65
09.05.14;6.53;0;34.5;33.15;27.74;13.87
12.05.14;6.62;13;34.55;32.8;27.785;13.93
13.05.14;6.6;20;34.5;32.5;27.46;14.115
14.05.14;6.38;0;34.45;32.6;26.895;14.1
15.05.14;5.96;0;34.3;31.4;26.555;13.905
16.05.14;5.99;3;34.25;31.5;26.785;13.925
19.05.14;5.87;13;34.25;32;27.26;14.045
20.05.14;6.03;0;34.3;31.65;27.37;13.91
21.05.14;6.37;0;34.4;31.25;28.475;13.8
22.05.14;6.44;0;34.45;30.8;28.545;13.81
23.05.14;6.36;0;34.58;30.85;29.04;13.905
26.05.14;6.33;0;34.45;30.9;29.355;14.125
27.05.14;6.42;0;34.5;31.8;29.1;14.15
28.05.14;6.45;0;34.46;31.2;29.22;14.14
30.05.14;6.27;0;34.35;31;29.355;14.255
02.06.14;6.36;0;34.25;31.6;29.34;14
03.06.14;6.69;11;34.3;31.9;29.23;13.895
04.06.14;6.65;0;34.3;32;29.465;13.725
05.06.14;6.79;10;34.26;32.3;29.59;13.835
06.06.14;6.68;0;34.15;32.75;29.6;13.9
10.06.14;6.73;165;34.18;33.25;29.975;13.88
11.06.14;6.6;34;34.25;33.1;29.455;13.91
12.06.14;6.8;0;34.3;33.1;29.345;13.89
13.06.14;6.93;5;34.55;32.75;29.685;13.935
16.06.14;6.89;25;34.6;32.3;29.445;13.9
17.06.14;6.97;25;34.65;32.05;29.405;13.98
18.06.14;6.91;0;34.58;32.2;30.5;13.895
20.06.14;6.9;0;34.5;32.35;31.435;14.16
23.06.14;7.05;0;34.55;32.8;31.675;14.035
24.06.14;7;0;34.49;32.35;31.535;14.16
25.06.14;6.95;0;34.4;32.5;31.36;14.145
26.06.14;6.95;0;34.35;32.2;31.315;14.4
27.06.14;7.02;0;34.5;32.4;31.67;14.32
30.06.14;7.07;0;34.45;32.7;31.295;14.145
01.07.14;7.26;0;34.57;32.95;31.805;14.25
02.07.14;7.32;0;34.55;32.5;32.095;14.5
03.07.14;7.23;65;34.45;31.9;32.7;14.775
04.07.14;6.78;45;34.4;32.8;32.095;14.91
07.07.14;6.65;0;34.3;32.1;31.2;15
08.07.14;6.85;0;34.4;32.1;31.025;14.81
09.07.14;6.93;0;34.35;32.3;31.27;14.785
10.07.14;6.79;0;34.35;32.1;30.855;14.4
11.07.14;6.85;0;34.4;32;30.675;14.22
14.07.14;6.99;0;34.55;32.15;30.71;14.17
15.07.14;7.06;0;34.52;32.3;30.998;14
16.07.14;7.17;0;34.64;32.2;31.365;14.02
17.07.14;7.29;0;35.05;32;30.625;14.06
18.07.14;7.1;30;34.8;31.75;31.145;13.93
21.07.14;7.16;0;34.92;31.7;31.045;14.1
22.07.14;7.29;0;35.3;32.75;31.38;14.1
23.07.14;7.3;0;35.65;32.25;31.25;14.125
24.07.14;7.18;25;35.55;32.8;31.505;14.325
25.07.14;7.25;0;35.8;32.8;31.235;14.425
28.07.14;7.31;95;36;32.35;31.27;14.45
29.07.14;7.13;0;35.25;32.2;31.32;14.35
30.07.14;7.22;0;35.2;32.2;30.795;14.36
31.07.14;7.27;950;35.4;32.25;29.93;14.05
04.08.14;7.3;0;35.25;32.2;29.305;13.835
05.08.14;7.27;0;35.45;32.95;28.52;14.025
06.08.14;7.28;0;35.6;32.9;28.645;14.13
07.08.14;6.99;0;35.7;32.3;28.04;14.02
08.08.14;7;0;35.9;32.5;28.96;14.15
11.08.14;7.19;0;35.7;32.25;29.005;14.1
12.08.14;7.17;0;35.6;32;28.455;14.07
13.08.14;7.3;0;35.85;31.6;29.155;14.5
14.08.14;7.3;0;35.7;31.4;28.645;14.74
18.08.14;7.42;999;35.45;31.2;29.255;14.7
19.08.14;7.53;50;35.45;31.4;29.815;14.795
20.08.14;7.5;0;35.45;32.6;29.75;14.85
21.08.14;7.42;0;35.55;32.75;29.63;14.905
22.08.14;7.43;0;35.6;32.55;29.3;14.8
25.08.14;7.41;0;35.65;32.5;29.59;14.89
26.08.14;7.38;0;35.65;33;29.67;14.84
27.08.14;7.43;77;35.7;33;29.82;15
28.08.14;7.51;0;35.85;33.1;29.59;14.77
29.08.14;7.46;0;35.85;33.2;29.74;14.91
01.09.14;7.46;0;36.05;32.55;30.01;14.9
02.09.14;7.46;0;35.7;32.15;30.04;14.89
03.09.14;7.39;0;35.75;32.35;30.705;14.895
04.09.14;7.15;14;35.53;32.4;31.135;15.35
05.09.14;7.29;14;35.5;32.95;31.575;15.35
08.09.14;7.3;0;35.6;32.4;31.44;15.22
09.09.14;7.11;0;35.2;32.65;31.13;15.14
10.09.14;7.06;0;35.19;32.75;31.455;15.075
11.09.14;7.08;0;35.25;33.4;31.1;15.06
12.09.14;7.01;0;35.15;33.3;30.925;14.915
15.09.14;6.83;0;35;33.3;30.935;14.9
16.09.14;6.68;0;34.75;33;30.97;14.79
17.09.14;6.77;0;34.87;33.25;30.675;14.8
18.09.14;6.88;0;34.85;32.55;31.105;14.87
19.09.14;6.93;0;34.95;32.65;31.25;15.475
22.09.14;6.9;164;34.85;32.25;31.435;15.385
23.09.14;6.52;0;34.6;32.25;31.31;15.39
24.09.14;6.69;0;34.72;31.8;31.605;15.62
25.09.14;6.69;0;34.8;32.3;31.405;15.715
26.09.14;6.81;0;34.7;31.7;31.55;15.81
29.09.14;6.63;0;34.6;31.6;30.325;15.795
30.09.14;6.69;0;34.7;31.55;30.745;15.945
01.10.14;6.65;0;34.7;31.7;30.515;15.855
02.10.14;6.5;14;34.7;31.75;29.541;15.26
03.10.14;6.48;0;34.65;31.55;30.05;15.15
06.10.14;6.48;0;34.4;31.6;29.75;15.285
07.10.14;6.54;0;34.35;31.6;28.753;15.6
08.10.14;6.88;14;34.6;31.5;29.17;15.4
09.10.14;6.96;251;34.5;30.65;28.282;15.65
10.10.14;6.87;0;34.25;29.85;27.725;15.23
13.10.14;6.89;0;33.95;29.75;27.143;15.19
14.10.14;6.91;0;33.85;29.45;27.142;15.04
15.10.14;6.99;15;34.05;28.8;25.9;14.855
16.10.14;7.05;0;34.1;28.8;25.544;14.81
17.10.14;6.95;50;34.05;28.7;26.325;14.81
20.10.14;6.97;0;34;28.65;26.045;14.775
21.10.14;7.01;0;33.93;28.85;26.447;15.245
22.10.14;7.07;0;34.3;28.7;26.798;15.465
23.10.14;7.19;0;34.29;29.3;27.235;15.48
24.10.14;7.26;0;34.25;29.35;27.085;15.465
27.10.14;7.14;0;34.15;29.05;26.745;15.19
28.10.14;7.01;0;34.25;28.8;27.697;15.5
29.10.14;7.27;0;34.55;29.3;27.575;15.4
30.10.14;7.28;0;34.5;29.2;27.676;15.915
31.10.14;7.2;0;34.4;28.95;28.18;16.125
03.11.14;7.45;0;34.32;29.1;27.785;16.07
04.11.14;7.38;0;34.24;29.2;27.742;16.2
05.11.14;7.54;0;34.35;29.5;28.6;16.145
06.11.14;7.51;0;34.3;29.85;28.459;16.12
07.11.14;7.64;0;34.5;29.25;27.885;16.095
10.11.14;7.6;0;34.65;29.3;28.095;15.935
11.11.14;7.69;0;34.8;29.2;28.426;15.935
12.11.14;7.75;0;34.75;29.15;27.505;15.94
13.11.14;7.67;0;34.58;30;26.775;15.79
14.11.14;7.48;0;34.55;29.2;26.433;15.1
17.11.14;7.77;0;35;29.05;26.491;15.03
18.11.14;7.9;0;35.22;29;26.83;15.395
19.11.14;7.94;27;35.35;29.3;26.81;15.455
20.11.14;7.84;0;35.25;29.25;26.64;15.465
21.11.14;7.88;0;35.25;29.5;27.28;15.53
24.11.14;7.93;0;35.82;29.75;27.245;15.585
25.11.14;8.01;0;36.1;29.5;28.045;15.755
26.11.14;8.08;0;36.1;29.45;28.99;15.755
27.11.14;7.98;65;35.55;29.45;28.842;15.8
28.11.14;7.91;15;35.5;29.7;29.04;15.96
01.12.14;7.95;0;35.55;29.95;29.335;16.32
02.12.14;7.71;26;35.2;29.45;28.78;16.27
03.12.14;7.75;0;35.2;29.35;29.27;16.35
04.12.14;7.7;0;35.05;29.4;28.76;16.34
05.12.14;7.49;0;34.9;29.2;29.595;16.305
09.12.14;7.58;0;34.8;29.1;28.517;15.84
10.12.14;7.37;0;34.65;29.55;28.191;16.095
11.12.14;7.54;122;34.75;29.4;27.959;15.87
12.12.14;7.45;0;34.7;29.6;26.965;15.45
15.12.14;7.68;24;34.57;29.6;25.884;15.16
16.12.14;7.72;13;34.5;29.5;25.945;15.095
17.12.14;7.79;0;34.3;29.85;26.8;14.79
18.12.14;7.85;0;34.45;29.35;27.125;15.315
19.12.14;7.89;0;34.3;29.25;26.306;15.41
22.12.14;7.92;0;34.11;29.25;26.16;15.44
23.12.14;8.09;0;34.22;29.4;26.276;15.47
29.12.14;8.09;0;33.5;29.45;26.198;15.5
30.12.14;8.06;0;33.1;29.45;25.65;15.295
05.01.15;7.72;0;31.85;29;24.62;14.7
07.01.15;7.56;0;31.65;29.35;24.245;15.49
08.01.15;7.59;0;31.7;30;24.555;15.755
09.01.15;7.48;0;31.6;30.05;23.855;15.5
12.01.15;7.49;0;31.5;30.25;23.14;15.435
13.01.15;8.09;0;32.2;29.4;22.637;15.45
14.01.15;7.96;0;31.9;30;22.205;15.435
15.01.15;7.91;0;31.75;28.7;22.531;15.395
16.01.15;7.92;0;31.65;28.25;23.835;15.525
19.01.15;8;0;31.55;27.9;23.41;15.46
20.01.15;7.95;5;31.75;27.85;23.646;15.72
21.01.15;8.13;17;32;27.4;23.337;15.755
22.01.15;7.51;47;31.65;26.7;23.815;15.89
23.01.15;7.55;0;31.64;27;23.83;15.865
26.01.15;7.6;0;31.7;27.25;23.85;16.075
27.01.15;7.58;0;31.7;27.15;23.8;16.05
28.01.15;7.7;0;32.15;27.2;24.02;16.275
29.01.15;7.79;0;32.25;27.35;24.607;15.83
30.01.15;7.82;0;32.15;27.5;24.515;15.5
02.02.15;7.87;0;32.5;27.6;25.05;15.325
03.02.15;7.8;0;32.4;27.7;24.058;15.73
04.02.15;7.66;0;32.2;27.9;23.598;15.8
05.02.15;7.73;0;32.7;27.85;23.145;15.605
06.02.15;7.69;0;32.6;28.05;23.205;15.85
09.02.15;7.65;0;32.85;28.25;22.618;15.63
10.02.15;7.86;500;32.6;28.4;23.108;15.655
11.02.15;7.99;10;32.95;28.1;23.404;15.765
12.02.15;8.15;419;33.35;28.6;23.61;15.765
13.02.15;8.39;0;33.65;28.7;23.633;15.855
16.02.15;8.4;0;33.75;28.5;23.44;15.75
17.02.15;8.2;10;33.4;28.6;23.927;16.08
18.02.15;8.22;0;32.92;28.25;23.833;15.98
19.02.15;8.06;0;32.65;28.25;23.509;15.99
20.02.15;8.03;0;32.65;28.2;23.485;15.9
23.02.15;8.43;131;32.95;28.65;23.646;16.295
24.02.15;8.16;145;33;30.8;24.531;17
25.02.15;8.09;0;33;31.1;24.996;17.27
26.02.15;7.74;0;32.7;30.5;24.645;16.95
27.02.15;7.77;0;33.1;30.8;25;16.89
02.03.15;7.6;30;32.8;31.85;24.78;16.95
03.03.15;7.37;0;32.6;31.05;24.596;17.125
04.03.15;7.68;0;32.7;31.3;24.43;16.84
05.03.15;7.39;0;32.2;31.25;24.81;17.19
06.03.15;7.43;5;32.2;31;24.3;17.19
09.03.15;7.3;1;32.15;31;24.421;17.055
10.03.15;7.43;0;32.15;30.7;23.675;16.785
11.03.15;7.38;0;32.35;30.45;23.96;16.64
12.03.15;7.03;20;32;30.75;23.734;16.345
13.03.15;7.07;0;32.1;30.95;23.557;16.055
16.03.15;7.11;175;31.85;30.75;23.757;15.95
17.03.15;7.34;0;32.05;30.6;23.62;15.98
18.03.15;7.34;0;32.3;30.75;24.475;16.04
19.03.15;7.27;0;32.15;32.5;24.516;16.175
20.03.15;7.67;0;32.2;33;24.533;16.665
23.03.15;7.67;0;32.3;32.8;24.107;16.54
24.03.15;7.65;0;32.15;33.15;23.942;16.65
25.03.15;7.58;0;32.1;33.35;24.07;16.5
26.03.15;7.57;1;32.34;33.1;24.143;15.775
27.03.15;7.37;12;32.3;33.5;24.008;15.845
30.03.15;7.5;0;32.25;33.6;24.24;15.885
31.03.15;7.54;0;32.2;33.9;23.883;15.58
01.04.15;7.73;19;32.15;34.1;24.051;15.585
02.04.15;7.73;0;32.05;34.3;23.975;15.615
07.04.15;7.69;0;31.78;35.6;24.886;15.64
08.04.15;7.7;0;31.8;35.15;24.823;15.605
09.04.15;7.58;0;31.9;36;25.005;16.125
10.04.15;7.51;0;31.88;35.8;24.915;15.98
13.04.15;7.38;0;31.9;35.85;25;15.97
14.04.15;7.38;0;31.8;35.5;25.05;15.775
15.04.15;7.43;0;32;35.25;25.088;15.9
16.04.15;7.46;0;32.05;35.55;25.1;15.9
17.04.15;7.43;0;31.9;35.3;24.257;15.915
20.04.15;7.73;0;32;36.4;24.695;15.795
21.04.15;7.7;1000;32.05;36.2;24.358;15.75
22.04.15;7.7;519;31.95;36.3;24.04;15.465
23.04.15;7.85;300;32;35.95;23.6;15.425
24.04.15;7.89;0;32.1;36;22.765;15.605
27.04.15;7.76;0;32.05;36.15;22.914;15.47
28.04.15;7.96;14;32.05;36;23.07;15.44
29.04.15;8.07;456;32.1;36.05;22.57;15.15
30.04.15;7.99;250;32;36.75;22.131;15.155
04.05.15;8.18;0;32.05;37.45;22.575;15.145
05.05.15;8.15;12;31.91;37.2;22.108;15.12
06.05.15;8.14;212;31.75;37.35;22.283;15.13
07.05.15;8.04;560;31.55;37.35;22.268;14.935
08.05.15;8.15;1031;31.6;37.35;23.207;15.2
11.05.15;8.23;0;31.7;36.5;23.108;15.17
12.05.15;8.2;0;31.6;35.65;22.805;15.075
13.05.15;8.26;250;31.75;35.8;22.227;15.06
15.05.15;8.18;6;31.7;35.95;21.998;15.015
18.05.15;8.21;0;31.65;36;21.69;14.945
19.05.15;7.98;0;31.45;35.85;22.057;15.17
20.05.15;7.94;0;31.35;35.75;22.26;15.145
21.05.15;7.89;100;31.25;35.9;22.41;15.045
22.05.15;7.89;50;31.3;35.9;22.511;15.08
26.05.15;7.84;15;31.29;35.55;21.977;14.745
27.05.15;7.79;0;31.35;35.4;21.968;14.855
28.05.15;7.8;30;31.4;35.35;21.905;14.585
29.05.15;7.91;0;31.59;35.45;21.216;14.59
01.06.15;7.82;0;31.5;35.45;21.25;14.465
02.06.15;8.03;6;31.72;35.4;21.015;14.325
03.06.15;8.07;500;31.6;35.45;21.53;14.5
05.06.15;7.99;167;31.5;35;20.458;13.92
08.06.15;8.03;0;31.38;34.95;20.058;13.76
09.06.15;8.14;0;31.41;34.45;19.915;13.59
10.06.15;8.15;0;31.45;35.05;20.345;13.905
11.06.15;8.07;24;31.4;35;20.198;13.645
12.06.15;8.16;37;31.55;34.8;19.945;13.68
15.06.15;8.07;0;31.55;34.7;19.645;13.415
16.06.15;7.96;39;31.4;34.95;19.65;13.28
17.06.15;8.03;500;31.45;34.9;19.34;13.39
18.06.15;8.01;0;31.44;35;19.586;13.36
19.06.15;7.97;0;31.55;34.95;19.541;13.415
22.06.15;8.01;0;31.61;35;19.935;13.6
23.06.15;8.03;352;31.8;35.2;19.841;12.995
24.06.15;8.02;0;31.85;35.05;20.152;13.075
25.06.15;8.13;500;32.05;34.45;20.03;13.165
26.06.15;8.07;0;32.15;34.8;19.878;13.195
29.06.15;7.88;0;32;34.65;19.258;13.13
30.06.15;7.96;0;32.1;34.9;19.345;13.04
01.07.15;8.01;0;32.17;35;19.365;13.03
02.07.15;7.97;0;32.05;35;20.313;13.105
03.07.15;7.97;0;31.9;34.6;19.82;13.065
06.07.15;7.9;100;31.8;34.65;19.31;12.915
07.07.15;7.97;0;31.75;34.25;19.26;12.605
08.07.15;7.96;0;31.65;34.15;19.115;12.645
09.07.15;8;0;31.85;34.35;19.31;13.38
10.07.15;8.13;0;31.85;34.35;19.956;14.03
13.07.15;8.32;0;32.07;34.3;19.84;14.005
14.07.15;8.25;0;32;34.3;19.8;13.84
15.07.15;8.29;0;32;34.25;19.809;13.775
16.07.15;8.19;0;32.05;34.2;20.14;13.97
17.07.15;8.27;292;32.12;34.25;19.8;13.98
20.07.15;8.52;5;32.45;34.5;19.883;13.775
21.07.15;8.5;44;32.29;34.5;19.42;13.545
22.07.15;8.49;285;32.3;34.45;19.21;13.745
23.07.15;8.61;0;32.05;34.4;19.075;13.85
24.07.15;8.54;18;32.1;34.45;18.896;13.9
27.07.15;8.55;0;31.9;34.2;18.565;13.75
28.07.15;8.54;12;31.8;34.5;18.651;13.95
29.07.15;8.58;195;31.83;34.55;18.581;14.08
30.07.15;8.39;0;31.8;34.75;18.828;13.99
31.07.15;8.38;0;31.35;35;18.905;14.095
03.08.15;8.47;0;31.3;34.45;19.055;13.895
04.08.15;8.42;0;31.3;34.95;19;13.7
05.08.15;8.34;0;31.3;34.5;19.235;14.025
06.08.15;8.35;0;31.25;34.15;19.302;13.96
07.08.15;8.29;100;30.91;35;19.188;13.85
10.08.15;8.43;0;31;36;19.255;13.84
11.08.15;8.61;1;30.9;35.85;18.72;13.655
12.08.15;8.71;0;30.95;35.5;18.435;13.455
13.08.15;8.71;0;30.95;36.4;16.955;13.45
14.08.15;8.84;0;31.15;35.95;16.47;13.27
17.08.15;8.76;0;30.92;36.1;16.33;13.32
18.08.15;8.79;0;31;36.35;15.7;13.455
19.08.15;8.86;0;30.81;36.4;15.315;13.355
20.08.15;8.88;0;30.65;36;15.15;13.12
21.08.15;8.72;5;30.34;36.25;14.598;12.82
24.08.15;8.69;0;29.79;35.4;13.39;12.47
25.08.15;8.77;0;30;35.8;13.605;12.88
26.08.15;8.62;291;29.86;35.7;13.78;12.635
27.08.15;8.57;0;30.3;36.1;14;12.93
28.08.15;8.63;0;30.5;36.75;13.986;12.9
31.08.15;8.6;0;30.3;36.8;13.375;12.605
01.09.15;8.53;0;30.15;36.1;13.008;12.485
02.09.15;8.64;0;30.2;35.65;12.955;12.405
03.09.15;8.69;0;30.53;36.3;13.168;12.44
04.09.15;8.61;0;30.25;36.1;12.675;12.1
07.09.15;8.6;0;29.85;36.5;12.574;11.715
08.09.15;8.73;0;30.15;37.1;13.357;11.7
09.09.15;8.78;0;30.23;37.1;12.91;11.71
10.09.15;8.79;0;30.3;37.4;12.558;11.755
11.09.15;8.77;0;30.15;37;12.249;11.695
14.09.15;8.74;0;30.02;36.75;11.818;11.71
15.09.15;8.68;135;29.8;36.8;11.495;11.775
16.09.15;8.74;0;29.92;36.9;10.935;11.65
17.09.15;8.73;0;29.92;37.1;11.82;11.835
18.09.15;8.62;0;29.7;37.15;10.895;11.62
21.09.15;8.49;33;29.45;37.05;10.395;11.725
22.09.15;8.52;0;29.5;36.55;9.9;11.585
23.09.15;8.57;0;29.6;37;10.1;11.7
24.09.15;8.5;0;29.35;36.8;9.824;11.605
25.09.15;8.49;0;29.25;37;9.553;11.785
28.09.15;8.41;1100;28.9;37.1;9.219;11.995
29.09.15;8.45;0;28.9;37.2;9.768;11.75
30.09.15;8.63;0;29;37.2;10.18;11.87
01.10.15;8.65;11;29.02;37.4;9.935;11.935
02.10.15;8.62;0;28.9;37.45;10.54;12.185
05.10.15;8.69;268;29.29;37.9;11.345;12.405
06.10.15;8.69;0;29.55;37.85;10.98;12.42
07.10.15;8.58;0;29.43;36.85;11.594;12.495
08.10.15;8.6;0;29.3;37.5;11.69;12.395
09.10.15;8.83;0;29.4;36.75;12.3;12.445
12.10.15;8.78;0;29.09;36.85;13.58;12.695
13.10.15;8.81;0;28.95;37.1;12.61;12.385
14.10.15;8.93;0;28.95;37.1;12.605;12.605
15.10.15;8.92;0;29;37.1;12.22;12.83
16.10.15;8.87;0;28.9;37.1;12.57;13.3
19.10.15;8.82;0;28.85;37.15;12.318;13.365
20.10.15;8.94;0;28.7;37.05;12.4;13.545
21.10.15;8.93;50;28.6;36.95;12.16;13.55
22.10.15;8.96;0;28.73;36.55;12.757;14.07
23.10.15;9.11;0;29.05;36.7;12.868;13.705
27.10.15;9.09;0;29.3;37.1;12.51;13.07
28.10.15;9.05;0;29.3;37.05;12.677;13.115
29.10.15;9.17;0;29.75;37.05;12.068;12.805
30.10.15;9.13;0;29.65;37.55;12.555;12.87
02.11.15;9.09;0;29.4;37.6;13.108;12.96
03.11.15;8.94;0;29.5;37.2;13.28;12.85
04.11.15;8.89;0;29.35;37.05;13.591;13.865
05.11.15;8.95;0;29.31;37.65;13.228;13.85
06.11.15;8.89;0;29.25;37.1;13.42;14
09.11.15;8.81;0;28.88;37.5;12.902;13.85
10.11.15;8.93;0;29.05;37.05;12.429;13.6
11.11.15;8.93;0;28.75;37;12.48;13.595
12.11.15;8.85;0;28.57;37;11.205;13.365
13.11.15;8.88;250;28.55;37;11.198;13.215
16.11.15;9.01;0;28.85;37.15;11.296;13.435
17.11.15;9.1;0;29.2;37.05;11.3;13.61
18.11.15;9.07;0;28.95;36.7;11.455;13.685
19.11.15;9.12;0;29.3;36.8;11.541;13.8
20.11.15;9;0;29;36.75;11.455;13.71
23.11.15;9.05;0;29.05;37.25;10.908;13.405
24.11.15;9.14;0;29.25;37.65;10.74;13.235
25.11.15;9.12;0;29.35;37.15;10.851;13.055
26.11.15;9.07;0;29.4;37.1;11.19;13.175
27.11.15;9.06;0;29.35;37.7;10.88;13.1
30.11.15;9.06;0;29.52;37.7;10.819;13.105
01.12.15;9.04;0;29.39;37.8;12.6;13.235
02.12.15;8.97;0;29.1;37.95;12.329;13.305
03.12.15;9.09;0;29.05;37.7;12.03;13.17
04.12.15;9.02;180;28.95;37.65;11.86;13.095
07.12.15;8.9;0;28.7;37.55;11.354;12.96
09.12.15;8.89;0;28.65;37.35;10.92;12.765
10.12.15;8.84;1;28.6;37.25;11.08;12.455
11.12.15;8.55;149;28.15;37.2;10.71;12.2
14.12.15;8.56;19;28.16;37.65;10.406;12.05
15.12.15;8.68;700;28.27;37.05;10.705;12.39
16.12.15;8.62;0;28.25;37.2;11.2;12.61
17.12.15;8.55;66;28.3;36.8;11.25;12.58
18.12.15;8.54;0;28.15;36.8;11.065;12.2
21.12.15;8.67;0;28.1;36.7;11.405;11.975
22.12.15;8.73;0;28.16;37.45;11.407;11.985
23.12.15;8.69;0;28;38.95;12.056;12.285
28.12.15;8.79;0;28.15;37.95;11.747;12
29.12.15;8.75;0;28.32;38.25;11.628;12.01
30.12.15;8.69;0;28.25;38;11.71;11.86
04.01.16;8.52;0;26.16;37.9;11.077;11.97
05.01.16;8.47;0;25.8;37.5;11.108;12.065
07.01.16;8;50;25.65;36.85;10.705;11.75
08.01.16;7.85;0;25.25;37;10.65;11.425
11.01.16;7.56;0;24.75;36.95;11.28;11.18
12.01.16;7.55;0;24.4;37.5;11.149;10.9
13.01.16;7.69;0;24.55;36.85;11.315;10.765
14.01.16;7.52;275;24.3;36.9;11.498;10.63
15.01.16;7.12;351;23.6;36.9;10.87;10.6
18.01.16;7.16;194;23.75;36.7;10.9;10.36
19.01.16;7.26;153;23.85;36.7;11.83;10.59
20.01.16;6.75;497;23.21;36.35;11.238;10.41
21.01.16;6.6;800;23.25;36.25;11.75;10.555
22.01.16;6.74;200;23.7;36.35;12.105;10.79
25.01.16;6.27;425;23.05;36.2;11.965;10.765
26.01.16;6.46;568;23.55;36.4;12.775;11.15
27.01.16;6.29;78;23.7;36.4;12.7;11.06
28.01.16;6.45;200;23.8;36.7;13.091;11.005
29.01.16;6.42;220;23.45;37.35;12.875;11.155
01.02.16;6.04;207;22.85;37.5;12.775;10.83
02.02.16;6.16;40;23;37.55;12.225;10.8
03.02.16;5.96;200;22.95;37.55;12.36;10.715
04.02.16;5.94;200;22.55;37;12.64;11.235
05.02.16;5.86;1037;22.45;37.5;12.64;10.945
08.02.16;5.53;1150;21.9;37.05;12.265;10.55
09.02.16;5.21;77;21.3;36.7;11.699;10.475
10.02.16;5.13;296;21.35;36.35;11.208;10.34
11.02.16;4.98;250;20.7;36.3;11.015;10.155
12.02.16;5.3;890;21.4;37.25;11.437;10.315
15.02.16;5.04;1000;21.1;37.65;11.896;10.6
16.02.16;4.92;57;20.8;37.55;11.856;10.635
17.02.16;5.32;0;21.15;37.6;10.422;10.8
18.02.16;5.48;6;21.35;38.05;10.475;10.56
19.02.16;5.39;1129;21.35;38.6;10.265;10.49
22.02.16;5.64;930;21.87;38.45;10.79;10.585
23.02.16;5.11;418;21.5;38.5;10.352;10.15
24.02.16;5.07;0;21.4;38.55;10.28;10.17
25.02.16;5.28;90;21.33;38.7;10.428;10.045
26.02.16;5.2;45;21.6;39.35;10.58;10.125
29.02.16;5.2;42;21.47;38.9;10.425;10.035
01.03.16;5.19;0;21.62;39.75;11.108;10.425
02.03.16;5.16;315;21.6;39.3;11.17;10.455
03.03.16;5.09;115;21.7;39.4;11.28;10.555
04.03.16;5.11;244;21.7;39.15;11.258;10.795
07.03.16;5.28;5;22.5;39;11.255;10.765
08.03.16;5.21;10;22.2;39;10.81;10.835
09.03.16;5.26;0;22.4;38.9;10.66;10.78
10.03.16;5.1;202;22;38.65;10.49;10.56
11.03.16;5.19;0;22.18;38.8;10.807;10.62
14.03.16;5.07;0;21.7;38.7;11.14;10.825
15.03.16;5.03;50;21.61;38.7;10.768;10.515
16.03.16;5.13;0;21.85;38.55;10.635;10.41
17.03.16;5.17;6117;22.05;38.35;10.66;10.66
18.03.16;5.11;1011;22.25;38.5;10.95;11.02
21.03.16;5.04;0;22.25;38.55;10.668;10.96
22.03.16;4.99;1;22.01;38.7;10.82;10.895
23.03.16;4.97;500;21.9;38.8;10.764;10.785
24.03.16;5.02;0;22.07;39.15;10.875;10.635
29.03.16;4.95;0;21.95;39.15;10.795;10.645
30.03.16;5.13;500;22.15;40.3;11.27;11.195
31.03.16;5.38;3606;22.5;40.4;11.306;11.23
01.04.16;5.36;150;22.42;40.75;11.328;11.265
04.04.16;5.5;200;22.45;40.8;11.545;11.15
05.04.16;5.41;1400;22.25;40.8;11.13;11.175
06.04.16;5.48;139;22.4;40.6;11.044;11.02
07.04.16;5.45;352;22.1;41;10.976;11.165
08.04.16;5.6;0;22.33;40.8;11.57;11.16
11.04.16;5.76;0;22.65;40.95;11.79;11.395
12.04.16;5.78;2;22.75;40.75;11.759;11.56
13.04.16;5.72;0;22.7;41;11.89;11.64
14.04.16;5.79;600;23.1;41.5;11.935;11.59
15.04.16;5.65;165;23.2;41.7;12.024;11.89
18.04.16;5.65;0;23.35;41.65;11.928;11.855
19.04.16;5.75;0;23.6;41.9;12.425;11.73
20.04.16;5.72;201;23.6;41.95;12.485;11.66
21.04.16;5.93;1400;24.22;41.8;12.571;11.86
22.04.16;6.15;1300;24.65;41.95;12.745;11.955
25.04.16;6.09;460;24.65;41.65;12.5;11.6
26.04.16;6.81;301;25.85;41.7;12.455;11.91
27.04.16;7.03;500;25.7;41.55;13.177;12.105
28.04.16;6.53;295;24.7;41.4;12.825;12.1
29.04.16;6.37;675;24.65;41.7;13.06;12.2
02.05.16;6.31;0;23.95;41.8;12.765;12.145
03.05.16;6.18;100;24.05;41.8;12.105;11.925
04.05.16;6.32;160;24.4;42.35;11.568;11.85
06.05.16;6.04;368;24.43;42.6;11.887;12.09
09.05.16;5.89;29;24;42.6;11.605;11.81
10.05.16;6.09;9;24.25;42;11.865;12.075
11.05.16;6.21;250;24.35;42.1;11.385;11.93
12.05.16;5.98;995;24.25;42.15;12.3;11.85
13.05.16;6.04;584;24.35;41.75;12.235;11.75
17.05.16;6.23;1067;25.31;41.75;11.748;11.71
18.05.16;6.24;1074;25.25;41.15;11.675;11.46
19.05.16;6.18;25;25;41.25;11.388;11.39
20.05.16;6.15;900;25.1;41.65;11.471;11.58
23.05.16;5.92;550;24.71;41.2;11.326;11.68
24.05.16;5.98;950;24.85;41.8;11.39;11.775
25.05.16;6.05;2;25.15;41.9;11.645;11.96
27.05.16;6.23;900;25.8;42.35;11.939;12.17
30.05.16;6.31;150;26.05;42.2;12.055;12.1
31.05.16;6.29;600;26.28;42.2;11.725;12.27
01.06.16;6.16;500;26.2;42.05;11.425;12.3
02.06.16;6.21;450;26.55;42.75;11.628;12.28
03.06.16;6.13;450;26.7;42.95;12.095;12.44
06.06.16;6.39;250;27.7;43.2;12.545;12.64
07.06.16;6.29;730;27.3;43.65;12.795;13
08.06.16;6.27;62;26.95;43.4;13.186;13.2
09.06.16;6.28;560;26.8;43;13.307;13.44
10.06.16;6.13;1840;26.4;42.9;12.815;13.075
13.06.16;6.03;94;26.4;42.9;12.345;12.565
14.06.16;6.03;550;26.6;42.6;11.875;12.08
15.06.16;6.08;211;26.95;43;12.045;12.225
16.06.16;5.88;22;27;42.95;12.095;12.115
17.06.16;5.84;672;27.31;42.55;12.516;12.625
20.06.16;6.02;0;28.5;43.2;13.028;13.265
21.06.16;5.72;175;27.2;43.15;13.145;13.13
22.06.16;5.86;322;27.8;43.35;13.311;12.925
23.06.16;5.81;250;27.65;43.2;13.75;12.83
24.06.16;5.12;468;26.8;42.6;12.46;12.245
27.06.16;4.93;551;25.95;41.2;12.195;12.205
28.06.16;4.86;115;25.95;42.15;12.818;12.26
29.06.16;4.69;436;26.15;43.2;13.18;12.49
30.06.16;4.64;89;26.4;43.3;14.268;12.71
01.07.16;4.79;267;27.3;43.3;14.27;12.625
04.07.16;5.13;243;28.1;43.4;14.805;12.685
05.07.16;4.87;99;27.4;43.1;14.38;12.53
06.07.16;4.75;267;27.1;43.15;14.078;12.38
07.07.16;4.74;343;27.25;43.35;14.557;12.585
08.07.16;4.71;295;27;43.35;14.879;12.805
11.07.16;4.58;870;26.38;43.9;15.035;13
12.07.16;4.78;752;27.45;44.05;15.212;12.935
13.07.16;4.94;20;27.5;43.7;15.921;12.98
14.07.16;4.93;227;27.5;43.7;15.788;13.125
15.07.16;5.08;204;28.35;43.75;15.609;13.305
18.07.16;5;0;27.8;43.4;15.82;13.78
19.07.16;4.82;117;27.55;43.4;15.564;13.79
20.07.16;4.83;17;27.7;43.5;15.662;13.785
21.07.16;4.8;110;27.58;43.8;15.757;13.865
22.07.16;4.71;100;27.3;43.8;15.73;13.93
25.07.16;4.75;350;27.2;43.9;15.777;14.245
26.07.16;4.67;15;27.43;43.9;15.895;13.99
27.07.16;4.69;0;27.75;44.1;15.878;13.995
28.07.16;4.64;83;27.6;44.4;15.84;14.01
29.07.16;4.58;612;27.5;44.5;15.871;14
02.08.16;4.57;25;26.85;44.1;15.064;13.96
03.08.16;4.79;0;27;44.4;15.21;13.975
04.08.16;4.84;2;26.45;44.85;15.361;14.075
05.08.16;4.87;0;26.08;44.45;15.035;13.785
08.08.16;5.1;0;26.85;44.15;15.395;13.98
09.08.16;5.03;194;26.9;44.6;15.54;14.12
10.08.16;4.92;40;26.55;44.5;15.018;14.2
11.08.16;5.03;482;26.8;44.95;15.56;14.155
12.08.16;5.05;0;27.14;44.75;15.38;13.755
16.08.16;4.83;70;26.75;45.45;15.21;13.645
17.08.16;4.63;91;26.7;44.7;14.885;13.705
18.08.16;4.84;105;26.36;44.35;14.895;13.825
19.08.16;4.92;34;26;43.7;14.48;13.465
22.08.16;5.05;0;26.05;43.4;14.6;13.665
23.08.16;4.86;304;25.85;44.4;14.594;13.59
24.08.16;4.75;41;25.82;43.5;14.595;13.675
25.08.16;4.85;30;25.85;44.05;14.58;13.86
26.08.16;4.83;16;25.98;44.1;14.69;14.105
29.08.16;4.83;0;25.95;43.9;14.777;13.99
30.08.16;4.68;20;26.25;44.9;14.75;14.01
31.08.16;4.6;241;26;45;14.605;13.85
01.09.16;4.52;165;25.75;44;14.316;13.985
02.09.16;4.22;162;25.75;44.85;15.04;13.84
05.09.16;4.05;415;25.95;45.4;15.174;13.985
06.09.16;4.26;59;26.05;45.75;15.105;14.28
07.09.16;4.14;132;25.8;45.8;15.133;14.225
08.09.16;4.21;85;25.33;46.2;15.145;14.165
09.09.16;4.21;300;25.3;46.35;14.79;14.135
12.09.16;4.16;64;25.3;46.2;14.805;13.9
13.09.16;4.16;37;25.45;45.95;14.55;13.955
14.09.16;4.11;47;25.4;45.5;14.675;13.72
15.09.16;4.27;26;26;45.5;14.585;13.82
16.09.16;4.49;20;26.25;45.55;14.36;13.705
19.09.16;4.53;16;26.8;46.15;14.66;13.92
20.09.16;4.29;0;26.5;45.9;14.645;13.835
21.09.16;4.34;1109;26.95;45.65;14.66;13.845
22.09.16;4.55;0;27.05;45.8;15.12;14.125
23.09.16;4.67;1110;27.7;46.25;14.932;14.135
26.09.16;4.75;1000;28.1;46.25;14.72;13.975
27.09.16;4.55;706;27.55;45.9;14.56;14.1
28.09.16;5.07;99;29.5;45.6;14.949;14.25
29.09.16;5.15;109;29.35;46.1;15.158;14.945
30.09.16;5.08;86;28.75;46.55;15.36;14.85
03.10.16;5.43;102;29.8;46.6;15.32;14.855
04.10.16;5.34;1222;30;46.6;15.159;15.05
05.10.16;5.61;1148;30.4;45.4;14.728;14.995
06.10.16;6;619;31.3;45.85;14.494;14.975
07.10.16;5.82;100;30.5;45.85;13.324;14.74
10.10.16;5.8;161;29.75;45.5;13.308;14.57
11.10.16;5.56;1798;29.05;46;13.551;14.64
12.10.16;5.64;932;30.15;45.85;13.6;14.705
13.10.16;5.77;1021;30.25;45.5;13.515;14.69
14.10.16;5.93;227;31;45.6;13.95;14.975
17.10.16;5.99;46;31.5;45.75;13.825;14.88
18.10.16;6.07;31;32.55;46.3;14.301;15.125
19.10.16;5.79;463;31.4;46.3;14.181;14.95
20.10.16;5.69;387;30.95;46.6;14.17;14.915
21.10.16;6;96;31.7;46.7;14.03;14.2
24.10.16;5.92;151;32.2;46.6;14.01;14.615
25.10.16;5.92;420;32.4;46.25;14.062;14.6
27.10.16;5.91;452;32.8;46.2;14.138;14.585
28.10.16;5.99;83;33.08;46.2;14.025;15.175
31.10.16;6.01;0;33.85;46.05;14.45;15.205
02.11.16;6.35;283;34.99;45.9;13.785;15.44
03.11.16;6.61;218;35.25;46.1;14.043;15.78
04.11.16;6.52;34;34.8;45.3;13.845;15.65
07.11.16;6.35;137;34.55;45.05;14.022;15.635
08.11.16;6.27;34;34.3;45.85;13.723;15.695
09.11.16;6.25;181;34.67;45.5;13.458;15.08
10.11.16;6.04;6;34.35;45.6;12.774;14.485
11.11.16;5.79;15;33.6;45.4;12.38;14.545
14.11.16;5.52;81;32;45.45;11.942;14.45
15.11.16;5.85;98;32.35;45.6;12.225;14.7
16.11.16;5.66;74;31.6;45.2;12.234;14.595
17.11.16;6.01;7671;31.25;44.6;12.084;13.9
18.11.16;5.69;92;30.75;45.2;11.758;13.79
21.11.16;5.6;89;30.78;44.8;11.883;13.87
22.11.16;5.62;139;31.8;44.8;12.02;13.985
23.11.16;5.49;114;30.95;44.55;11.884;13.985
24.11.16;5.45;875;31.2;44.1;11.705;13.87
25.11.16;5.11;87;30.95;44.1;11.784;13.835
28.11.16;4.85;147;31.15;44.4;11.603;13.845
29.11.16;4.67;97;31.15;44.85;12;13.845
30.11.16;4.68;1606;31.55;46;11.865;13.79
01.12.16;4.56;1036;30.95;45.7;11.555;13.65
02.12.16;4.4;152;29.85;45.6;11.6;13.71
05.12.16;4.48;635;29.1;45.55;11.726;13.655
06.12.16;4.6;127;28.15;46;11.99;13.4
07.12.16;4.4;763;27.7;46;11.719;13.355
09.12.16;4.55;286;29.35;46.1;11.19;13.4
12.12.16;4.97;633;30.1;45.9;11.57;13.73
13.12.16;4.89;4560;30.1;46.3;11.36;13.875
14.12.16;5.12;810;30.7;46.8;11.325;14.015
15.12.16;4.94;357;31.4;46.85;11.206;14.1
16.12.16;5.03;2029;31.9;47.9;11.272;14
19.12.16;5.19;1028;31.61;48.8;11.35;14.275
20.12.16;5.34;621;32.1;49.1;11.473;14.855
21.12.16;5.91;103;32.5;49.2;11.575;15.1
22.12.16;6.18;55;33.12;49;11.56;15.085
23.12.16;6.32;99;33.65;49.6;11.544;15.155
27.12.16;6.42;671;34.04;49.4;11.605;15.09
28.12.16;6.42;51;34.35;49.45;11.64;15.065
29.12.16;6.45;1;34.4;49.4;11.655;15.2
30.12.16;6.66;0;34.75;49.25;11.815;15.175
03.01.17;5.53;16;28.75;49.05;11.997;15.28
04.01.17;5.82;1609;29.35;49.1;11.856;15.135
05.01.17;5.39;128;29.4;49;11.94;15.185
09.01.17;5.37;632;28.7;49.3;11.774;15.12
10.01.17;5.61;0;29;49.4;11.819;15.115
11.01.17;5.61;586;30.85;49;12.157;15.18
12.01.17;5.14;378;30.4;49.15;12.457;15.195
13.01.17;5.14;983;30.2;49.35;12.416;15.31
16.01.17;4.78;320;29.35;49.65;12.699;15.25
17.01.17;5.08;25;30.45;49.95;12.708;15.325
18.01.17;4.92;97;30.15;49.8;12.77;15.445
19.01.17;5.27;370;30;49.8;12.714;15.465
20.01.17;5.5;300;30.8;49.95;12.747;15.445
23.01.17;5.4;101;31.25;49.65;12.69;15.36
24.01.17;5.16;145;30.36;50.4;12.775;15.46
25.01.17;5.05;0;29.55;50.9;12.665;15.58
26.01.17;5.27;25;29.88;50.5;12.54;15.56
27.01.17;5;1332;28.95;50.45;12.54;15.4
30.01.17;5.26;23;29.7;50.25;12.157;15.33
31.01.17;5.45;275;30.1;49.95;12.25;14.9
01.02.17;5.36;70;30.2;51;12.104;14.975
02.02.17;5.32;241;30.4;50.95;12.148;14.825
03.02.17;5.25;198;29.9;50.85;12.21;14.99
06.02.17;5.19;145;29.75;51.2;12.009;14.875
07.02.17;5.26;255;30.14;51.2;12.149;14.745
08.02.17;5.31;1109;30.05;51.05;12.495;15.055
09.02.17;5.38;1018;30.25;50.9;12.795;15.165
10.02.17;5.21;789;30.06;51.05;12.858;15.11
13.02.17;4.99;541;29.5;51.1;13.11;14.945
14.02.17;5.22;554;29.8;51.15;13.13;14.93
15.02.17;5.17;683;30.15;51.25;13.188;14.865
16.02.17;5.03;534;30;51.25;13.265;14.995
17.02.17;5.07;1064;30.15;51.2;13.217;15.04
20.02.17;5.19;1710;30.9;51.15;13.414;15.26
21.02.17;5.15;1500;30.82;51.25;13.42;15.395
22.02.17;5.17;952;30.9;51.2;13.255;15.325
23.02.17;5.46;755;31.2;51.2;13.375;15.39
24.02.17;5.49;4001;31.1;50.95;13.244;15.395
27.02.17;5.3;2557;30.7;51;13.34;15.47
28.02.17;5.34;5369;30.2;51.15;13.385;15.68
01.03.17;6.02;6691;31.23;51.65;13.6;15.785
02.03.17;5.57;1028;30.6;51.3;13.858;16.49
03.03.17;5.7;615;30.75;51.35;14.047;16.165
06.03.17;5.59;362;30.65;51.3;14.001;16.385
07.03.17;5.48;1030;30.05;51.8;13.881;16.415
08.03.17;5.34;597;29.89;51.85;13.845;16.255
09.03.17;5.23;334;29.45;52.45;13.897;16.145
10.03.17;5.27;4071;29.55;52.9;13.816;15.95
13.03.17;5.26;185;29.6;53.25;14.01;15.98
14.03.17;5.21;451;29.5;53.7;14.622;16.245
15.03.17;5.3;10;29.77;54.1;14.545;16.045
16.03.17;5.25;429;29.4;54.8;14.65;16.095
17.03.17;5.24;167;29.5;54.75;14.625;15.855
20.03.17;5.09;393;29.08;55.15;14.63;15.835
21.03.17;5.04;861;28.55;55.2;14.458;15.65
22.03.17;5.07;387;28.45;55;14.485;15.81
23.03.17;5.08;103;28.65;55.05;14.825;15.75
24.03.17;4.87;411;28.52;54.9;15.085;15.76
27.03.17;4.74;323;28.1;54.4;14.822;15.77
28.03.17;4.85;178;28.8;54;14.765;15.68
29.03.17;4.87;518;29.4;53.6;14.88;15.75
30.03.17;5.03;198;29.65;53.65;15.061;15.95
31.03.17;4.8;149;29.35;54.15;15.465;15.915
03.04.17;4.97;786;30.35;53.75;15.44;16.165
04.04.17;4.75;688;29.75;53.75;15.409;16.495
05.04.17;4.93;751;30.1;54.25;15.479;16.375
06.04.17;5.17;258;30.45;53.05;15.705;16.49
07.04.17;4.99;461;30.45;53.4;15.705;16.495
10.04.17;4.89;587;29.55;53.4;15.585;16.645
11.04.17;4.98;404;29.67;53.4;15.76;16.155
12.04.17;5.05;622;29.9;53.5;15.756;15.875
13.04.17;5.06;252;30.1;53.45;15.74;15.705
18.04.17;4.98;698;30.05;53.35;15.403;15.46
19.04.17;4.95;1276;29.9;52.95;15.308;15.535
20.04.17;4.86;1492;30.05;52.9;15.28;15.43
21.04.17;4.68;429;29.7;53.05;15.11;15.525
24.04.17;4.76;1308;29.35;53.1;15.641;15.72
25.04.17;4.62;974;29.1;53.65;15.307;15.34
26.04.17;4.72;430;29.4;54;15.346;15.41
27.04.17;4.67;131;29.55;54.3;15.39;15.455
28.04.17;4.68;721;29.68;53.9;15.175;15.25
02.05.17;4.55;479;29.5;55;15.271;15.735
03.05.17;4.51;782;29.3;54.35;15.15;15.71
04.05.17;4.62;1073;29.1;54.75;15.345;16.05
05.05.17;4.69;1285;29.3;55.2;15.45;16.095
08.05.17;4.53;819;29.02;55.65;15.324;16.18
09.05.17;4.64;1027;28.95;55.95;15.445;16.465
10.05.17;4.57;1982;29.15;57.2;15.558;16.005
11.05.17;4.47;5263;28.75;56.9;15.561;16.165
12.05.17;4.58;421;28.9;57.2;15.532;16.24
15.05.17;4.51;140;28.95;57.6;16.132;16.06
16.05.17;4.66;572;28.95;58.75;16.235;16.01
17.05.17;4.7;11016;29.45;58.65;16.002;15.99
18.05.17;4.88;990;29.65;57.9;16.085;15.84
19.05.17;4.97;507;29.75;58.15;16.875;16.15
22.05.17;5.03;1329;30.25;59;17.4;16.2
23.05.17;4.87;2006;30.15;59.1;17.47;16.525
24.05.17;5.03;396;30.05;58.8;17.44;16.825
26.05.17;5.31;431;30.1;59.3;17.49;17.09
29.05.17;5.3;25;30.4;59.15;17.485;16.955
30.05.17;5.27;1524;30.75;58.65;17.59;17
31.05.17;5.09;750;30.2;58.9;18.022;16.605
01.06.17;5.19;115;30.25;58.5;18.242;16.565
02.06.17;5.28;352;30.5;59;18.146;16.825
06.06.17;5.09;807;30.4;59;18.55;17.34
07.06.17;5;756;30.45;59.05;19.573;17.095
08.06.17;5.17;840;31;59;19.972;17.14
09.06.17;5.16;845;30.83;58.75;19.605;17.05
12.06.17;5.04;440;30.38;58.25;19.333;16.775
13.06.17;5.14;1001;30.55;58.6;19.574;16.605
14.06.17;5.06;520;30.45;58.85;19.777;16.61
16.06.17;5;73;30.35;59.5;20.122;16.44
19.06.17;5.05;469;30.95;59.1;20.135;16.94
20.06.17;5.08;1334;31.05;58.4;19.811;17.01
21.06.17;5;727;30.85;58.2;19.635;17.075
22.06.17;4.99;474;30.75;57.6;19.566;16.695
23.06.17;4.99;106;30.5;57.55;19.078;16.315
26.06.17;4.9;25;30.45;58.05;18.82;16.455
27.06.17;5.07;536;30.65;57.3;18.2;16.15
28.06.17;5.07;276;30.9;57.05;17.957;16.395
29.06.17;5.2;3978;30.65;56.45;17.283;16.47
30.06.17;5.16;2300;30.75;56.3;17.465;16.69
03.07.17;5.27;600;31.15;56.2;17.666;16.745
04.07.17;5.25;298;31.25;55.85;17.463;16.68
05.07.17;5.16;541;31.25;55.9;17.346;16.7
06.07.17;5.37;204;31.7;54.3;17.036;16.71
07.07.17;5.47;227;31.7;54.5;17.67;17.075
10.07.17;5.53;886;31.45;54;17.735;17.065
11.07.17;5.46;592;31.1;53.95;17.61;17.005
12.07.17;5.61;423;31.3;54.85;18.019;17.34
13.07.17;5.49;696;31.27;55.05;17.988;17.4
14.07.17;5.55;505;31.3;55.35;17.922;17.49
17.07.17;5.56;414;31.78;55.05;17.865;17.49
18.07.17;5.59;1364;31.75;54.9;17.76;17.42
19.07.17;5.5;1303;31.65;55.2;17.781;17.525
20.07.17;5.42;990;31.65;55.3;17.612;17.47
21.07.17;5.21;762;31.55;55;17.365;17.33
24.07.17;5.26;570;31.1;54.9;17.603;17.37
25.07.17;5.28;320;31.3;55.1;17.617;17.445
26.07.17;5.37;308;31.35;55.5;17.755;17.255
27.07.17;5.26;6287;31.15;54.95;17.755;16.53
28.07.17;5.3;503;31.35;54.75;17.516;16.645
31.07.17;5.34;458;31.4;55.1;17.732;16.725
02.08.17;5.54;490;31.2;55.3;17.902;17.56
03.08.17;5.55;770;31.13;55.7;17.993;17.57
04.08.17;5.47;494;31.15;56.35;18.42;17.6
07.08.17;5.38;194;31.3;56.65;18.51;17.535
08.08.17;5.38;97;31.2;56.25;18.769;17.53
09.08.17;5.48;143;31.7;56.8;19.035;17.6
10.08.17;5.48;369;31.8;56.05;18.745;17.375
11.08.17;5.51;594;32.25;55.2;18.814;17.13
14.08.17;5.64;2331;32.45;56.5;19.179;17.75
15.08.17;5.65;1080;32.15;56.55;19.646;17.75
16.08.17;5.91;1912;33.05;56.35;20.109;18.025
17.08.17;5.93;1733;33.15;56.5;20.272;18.21
18.08.17;5.93;1591;33.13;56.45;20.487;18.27
21.08.17;5.86;839;32.75;56.05;20.409;18.365
22.08.17;5.89;1172;32.95;55.95;20.763;18.545
23.08.17;6.06;210;33.3;56.15;20.829;18.645
24.08.17;6.07;518;33.35;56.25;20.772;18.6
25.08.17;6.21;1018;33.65;56.45;20.97;18.775
28.08.17;6.22;203;33.8;56.35;21.01;18.295
29.08.17;6.16;501;33.65;55.4;20.669;17.895
30.08.17;6.14;455;33.6;55.05;20.781;18.03
31.08.17;6.06;201;33.2;55.7;20.922;18.05
01.09.17;5.95;597;33.3;56.05;21.022;17.965
04.09.17;6.03;147;33.65;55.9;20.683;17.895
05.09.17;6.62;1678;34.4;56.35;20.502;18.18
06.09.17;6.81;8822;34.5;56.6;20.663;18.28
07.09.17;7.02;520;34.5;58.15;21.393;18.46
08.09.17;7.18;707;35.05;59.2;21.247;18.36
11.09.17;6.99;1139;35.25;59.4;21.533;18.925
12.09.17;6.98;826;35;59.45;20.936;18.89
13.09.17;7.22;993;36;58.85;20.603;18.62
14.09.17;7.21;2623;36.2;58.5;20.16;18.915
15.09.17;7.05;1478;35.8;58.2;20.19;19.05
18.09.17;6.84;494;35.4;58.2;20.151;19.095
19.09.17;7.14;798;36.25;58.65;20.1;19.17
20.09.17;7.02;644;35.9;58.6;20.877;19.32
21.09.17;6.67;502;35.15;57.85;20.272;18.89
22.09.17;6.76;1388;35.15;57.85;20.246;18.715
25.09.17;7.4;5542;36.5;58.65;19.102;19.06
26.09.17;7.1;1647;35.95;58.25;19.302;19.41
27.09.17;7.05;1091;35.85;57.35;19.443;19.74
28.09.17;7.07;1429;35.45;58.1;19.303;19.895
29.09.17;7.18;1776;34.65;58.15;19.22;19.945
02.10.17;7.05;204;34.75;58;19.52;20.17
03.10.17;7.11;132;35.1;58.5;19.49;19.95
04.10.17;7.02;6342;35.25;58.5;19.286;19.62
05.10.17;7.02;479;35.5;59.4;19.53;19.97
06.10.17;7.11;398;35.35;59.65;19.373;19.64
09.10.17;7.07;577;35.15;61.4;19.826;19.77
10.10.17;7.5;4561;35.55;62.15;19.805;19.62
11.10.17;7.49;4523;35.7;59.95;20.43;19.94
12.10.17;7.52;3442;35.9;60.2;20.804;20.145
13.10.17;7.43;1514;36.1;59.95;20.893;20.155
16.10.17;7.47;7551;36.36;58.85;20.99;20.32
17.10.17;7.53;771;36.35;58.75;21.257;20.34
18.10.17;7.92;2557;36.9;59.4;21.217;20.5
19.10.17;7.76;1079;36.15;58.8;21.291;20.54
20.10.17;7.68;280;35.9;58.95;21.428;20.555
23.10.17;7.55;375;35.85;59;21.376;20.385
24.10.17;7.58;512;36.05;59.2;21.262;20.355
25.10.17;7.51;1344;36.35;58.35;20.638;20
26.10.17;7.31;1098;36.3;58;21.286;20
27.10.17;7.28;8046;36.74;58;21.322;20.75
30.10.17;7.25;1391;36.55;58;21.425;20.755
31.10.17;7.48;1882;36.85;58.3;21.505;20.865
01.11.17;7.62;418;37.1;58.45;21.971;20.865
02.11.17;7.77;627;37.1;58.65;22.042;21.775
03.11.17;7.99;420;36.55;58.75;22.208;21.745
06.11.17;8.03;812;37.2;58.75;22.64;21.765
07.11.17;7.87;1574;37.1;58.7;22.78;21.73
08.11.17;7.83;327;37.15;58.6;23.13;21.55
09.11.17;7.66;4654;36.85;57.45;22.903;20.915
10.11.17;7.51;352;36.95;57.05;22.491;20.535
13.11.17;7.46;227;36.85;56.5;22.315;20.695
14.11.17;7.5;3798;36.3;56.75;21.085;20.64
15.11.17;7.8;2199;36.3;56.75;20.67;20.35
16.11.17;7.6;1456;35.9;56.65;20.28;20.22
17.11.17;7.58;1136;35.75;56.3;19.403;19.8
20.11.17;7.54;2708;36.04;57.65;20.096;19.755
21.11.17;7.49;1114;35.85;57.9;19.668;19.655
22.11.17;7.47;5751;35.7;57.65;19.876;20.215
23.11.17;7.76;671;36.3;57.85;19.702;19.9
24.11.17;7.86;1108;36.65;57.2;19.786;19.885
27.11.17;7.8;1404;36.65;56.45;19.67;19.825
28.11.17;7.69;2271;36.4;56.85;19.728;20.15
29.11.17;7.79;3183;36.7;57.2;19.63;20
30.11.17;7.62;885;36.45;58.2;19.303;19.89
01.12.17;7.78;1770;36.75;58.05;19.323;19.6
04.12.17;7.65;1917;37.15;57.2;19.249;19.915
05.12.17;7.52;2588;36.94;56.4;19.387;19.765
06.12.17;7.37;1960;36.8;56.95;19.631;19.91
07.12.17;7.44;627;36.9;57.05;20.15;19.95
08.12.17;7.23;613;37.1;57.35;20.424;19.95
11.12.17;7.29;1315;37.55;59.05;20.293;20.105
12.12.17;7.23;2632;37.95;58.65;20.808;20.375
13.12.17;7.17;14773;37.65;58.3;18.37;20.07
14.12.17;7.19;578;37.8;58.3;17.255;19.765
15.12.17;7.28;785;38.15;58.6;16.919;19.535
18.12.17;7.49;2008;37.97;58.25;17.428;20.15
19.12.17;7.6;614;37.7;58;17.19;20.035
20.12.17;7.87;663;37.95;58.05;17.028;19.77
21.12.17;8.08;1167;37.9;57.2;16.732;19.875
22.12.17;8.25;538;37.85;57.05;17.109;19.88
27.12.17;8.23;148;37.7;57.5;16.951;19.86
28.12.17;8.27;455;37.9;57.8;16.953;19.82
29.12.17;8.25;203;37.9;57.95;17;20.145
03.01.18;7.89;219;36.65;57.8;17.475;20
04.01.18;7.84;343;36.35;58;17.435;20.74
05.01.18;7.84;222;36.35;57.5;17.63;20.88
08.01.18;7.72;850;35.85;57.3;17.89;20.82
09.01.18;7.84;873;36.15;58;17.85;20.94
10.01.18;7.94;662;35.85;58.6;17.77;20.48
11.01.18;7.87;3178;35.55;59.2;17.5;20.6
12.01.18;7.92;535;35.4;59.3;17.665;20.94
15.01.18;7.86;721;35;59.6;17.81;20.76
16.01.18;8.11;1672;35.05;60.1;17.65;22.46
17.01.18;8.24;1083;34.85;59.5;17.615;23.4
18.01.18;8.54;929;35.1;58.5;17.51;23
19.01.18;8.81;332;35.35;58.2;17.585;22.9
22.01.18;8.81;1916;35.6;58.8;17.62;23.2
23.01.18;9.07;2005;35.43;58.8;17.7;23.56
24.01.18;9.52;3491;35.35;59.1;17.085;23.3
25.01.18;9.3;1770;35.55;59.2;16.87;22.8
26.01.18;9.15;1287;35.45;59.4;16.73;22.7
29.01.18;9.06;1385;35.15;59.3;16.755;22.34
30.01.18;8.94;1779;34.45;59;16.15;22.32
31.01.18;9.33;2315;34.35;59.4;16.13;22.3
01.02.18;9.33;1459;34.05;60;15.905;22.2
02.02.18;9.02;862;34;59.6;15.455;21.64
05.02.18;9.12;1742;33.85;58;15.04;21.52
06.02.18;8.86;1998;33.25;56.6;15.445;20.66
07.02.18;9.06;1012;33.55;57.1;15.485;21.26
08.02.18;9.18;1575;33.15;56.4;15.355;21.16
09.02.18;9.29;1789;32.7;55.4;15.35;20.78
12.02.18;9.54;4233;33.25;54.6;15.665;20.96
13.02.18;9.96;7265;33.9;55;15.7;21.64
14.02.18;9.67;1208;33.9;55.2;16.27;22.3
15.02.18;9.61;1246;33.6;55;15.88;21.74
16.02.18;9.58;6368;34.1;55.5;15.99;21.54
19.02.18;9.94;1060;34.85;55.2;16.245;21.62
20.02.18;9.78;1749;34.6;55;16.47;21.32
21.02.18;9.62;1609;34.2;53.8;16.065;21.4
22.02.18;9.78;2303;34.55;54.6;16.245;21.44
23.02.18;9.87;1507;34.6;54.1;16.595;22.14
26.02.18;9.69;407;33.85;55.9;16.465;22.1
27.02.18;10.21;1340;34.2;55.2;16.62;22.1
28.02.18;10.16;1707;33.85;54.4;16.335;21.8
01.03.18;10.05;2231;33.65;54.5;16.165;21.7
02.03.18;10.2;1210;33.55;53.9;16.09;21
05.03.18;10.42;1512;33.8;54.3;16.92;20.9
06.03.18;10.53;1013;34;54.8;17.285;20.74
07.03.18;10.7;1185;34.25;54.2;17.48;20.78
08.03.18;11.18;3438;34.52;54.5;17.71;21.2
09.03.18;11.18;3248;34.75;53.9;17.905;21.6
12.03.18;11.15;2247;34.85;54.9;19.495;21.5
13.03.18;11.47;2253;34.9;55.7;18.95;22.3
14.03.18;11.24;3603;34.4;56.2;19.77;23.12
15.03.18;11.25;1943;34.45;55.8;19.8;23.12
16.03.18;11.24;1123;34.35;56;20.15;23.18
19.03.18;11.13;1238;34;57;20.02;23.12
20.03.18;11.61;1512;34.75;60;19.925;22.7
21.03.18;12.72;4207;35.4;60;19.8;23.1
22.03.18;12.41;2990;35.15;60.3;19.635;22.78
23.03.18;12.68;1149;35.35;61.3;19.56;22.7
26.03.18;13.06;1139;35.25;61;19.845;22.88
27.03.18;13.76;1790;36.1;61.4;19.61;23.28
28.03.18;13.07;1896;35.75;64;20.1;23.46
29.03.18;13.36;639;36.2;63.6;20.05;23.6
03.04.18;13.38;833;36.35;63.8;19.985;23.08
04.04.18;13.15;1940;36.15;64.1;20.02;23.32
05.04.18;12.73;2782;36.05;63.7;20.03;23.52
06.04.18;13.08;2059;36.35;63.1;20.05;23.46
09.04.18;13.42;1907;37;61.7;20.17;23.78
10.04.18;13.47;3661;37.2;61.4;20.07;23.7
11.04.18;13.53;3740;37.65;62.2;20.01;23.7
12.04.18;13.71;3123;37.8;62.9;20.65;24.36
13.04.18;14.08;3505;38.25;63.1;20.87;24.26
16.04.18;14.15;3349;38.3;63.6;20.87;24.84
17.04.18;13.89;2196;37.55;63.9;21.11;25.32
18.04.18;14.04;2341;38.05;63.8;21.64;25.34
19.04.18;13.62;2426;38;62.8;21.78;25.76
20.04.18;13.2;2722;37.8;63.4;21.41;25.4
23.04.18;13.04;2573;37.8;63.7;21.35;24.96
24.04.18;13.39;2481;37.85;63.1;21.36;25
25.04.18;13.42;4802;38.04;62.9;21.23;25
26.04.18;13.65;6901;38.53;65.1;21.36;25.5
27.04.18;13.72;2963;38.75;63.6;19.685;25.66
30.04.18;13.75;1780;39.2;64.7;19.765;25.74
02.05.18;13.22;6790;38.4;65.4;19.93;26
03.05.18;13.12;4140;38.45;65.2;20.05;25.8
04.05.18;13.18;1308;38.75;64.8;20.14;25.62
07.05.18;13.78;1105;39.45;65.3;20.15;26.06
08.05.18;13.76;3121;39.2;65.7;19.83;26
09.05.18;14.16;9648;39.85;66.4;19.895;26.52
11.05.18;14.79;2664;40.65;66.4;19.98;27.1
14.05.18;14.8;3233;41.35;67.1;19.87;27.64
15.05.18;14.48;3271;40.95;67.7;20.15;27.7
16.05.18;15.35;4962;41.7;67.3;19.935;27.38
17.05.18;15.48;3878;42.4;67.3;20.09;28
18.05.18;15.43;1443;41.7;67.7;20.09;27.58
22.05.18;16.12;4428;42.85;66.2;19.845;28
23.05.18;16.19;4924;42.9;63.1;19.885;27.78
24.05.18;16.48;3966;42.7;62.8;19.56;27.78
25.05.18;16.19;2559;41.3;62.2;19.62;27.92
28.05.18;16.5;895;42.15;63;19.75;27.58
29.05.18;16.48;1562;42.5;63;19.17;27.84
30.05.18;16.02;2058;42;62.9;19.74;27.82
01.06.18;15.47;4563;40.4;62.8;19.195;28.08
04.06.18;16.32;2422;41.7;63.4;19.515;28.5
05.06.18;15.96;7760;40.9;62.6;19.365;27.88
06.06.18;16.13;3679;40.8;62.2;19.205;27.46
07.06.18;16.2;7702;41.45;62.8;18.91;27.56
08.06.18;16.03;1386;41.5;61.9;18.935;27.34
11.06.18;15.7;2942;41.1;62.2;19.04;27.76
12.06.18;15.37;2419;42;62.4;19.315;27.58
13.06.18;15.54;2335;42.1;62.7;19.38;27.74
14.06.18;15.14;2594;41.75;63;20.03;28.66
15.06.18;14.76;3069;41.6;63;20.22;28.28
18.06.18;14.83;2789;41.95;62.6;19.89;27.98
19.06.18;14.46;5956;41.5;61.9;19.755;27.8
20.06.18;14.71;10700;41.1;62.4;19.7;27.36
21.06.18;15.04;2657;40.9;62.8;19.32;27.24
22.06.18;15.33;3875;41.15;62.5;19.265;27.74
25.06.18;15.25;3453;41.35;62.4;19.185;27.2
26.06.18;15.25;3570;41.65;62.3;19.415;27.5
27.06.18;15.47;2572;42.65;62.9;19.19;27.72
28.06.18;15.22;2066;42.75;63.2;19.345;27.62
29.06.18;15.21;2433;43.25;64;19.46;27.7
02.07.18;15.29;1407;43.5;64.8;19.78;27.74
03.07.18;15.32;1680;43.65;65.3;20.45;29.02
04.07.18;15.74;2966;44.1;66.5;20.98;29.6
05.07.18;15.9;2551;44.2;66.6;21.55;30.04
06.07.18;15.92;2146;44;66.5;21.96;30.32
09.07.18;16.22;1600;44.9;66.2;21.86;30.58
10.07.18;16.28;6732;45.15;66;21.77;30.84
11.07.18;16.55;2400;45.3;65.1;21.54;30.98
12.07.18;16.32;1040;44.15;66;21.59;31.74
13.07.18;16.29;407;44;65.5;21.59;31.54
16.07.18;16.16;827;43.55;65.4;21.64;31.38
17.07.18;16.31;1964;43.5;65.3;21.8;31.32
18.07.18;16.64;1584;44.6;65.4;21.84;33
19.07.18;17.09;2471;44.7;64.9;21.87;33.26
20.07.18;17.31;2676;44.35;65.6;22.12;33.5
23.07.18;17.63;2670;45;65.6;22.28;33.08
24.07.18;17.34;1479;45.1;65.7;22.02;33.2
25.07.18;17.6;3885;45.15;66.6;22.19;33.64
26.07.18;17.54;2053;44.6;66.4;22.13;33.48
27.07.18;17.37;1082;44.05;66.2;22.37;33.48
30.07.18;17.3;1794;44;66.3;22.28;33.58
31.07.18;17.65;1279;44;66.8;22.39;33.72
02.08.18;17.87;604;44;66.6;21.6;34.08
03.08.18;17.92;1142;44.3;66.5;21.24;34
06.08.18;17.81;721;44.7;68.1;21.28;33.96
07.08.18;17.75;2040;44.8;68.8;21.25;34.1
08.08.18;17.63;2948;44.55;69;21.01;33.52
09.08.18;17.83;3040;44.85;68.9;20.99;33.46
10.08.18;18.11;987;45.25;68.7;20.8;33.38
13.08.18;18.29;1307;45.95;67.4;20.97;33
14.08.18;18.38;1365;46.45;67.5;21.7;33.46
16.08.18;18.22;1395;46.4;66.6;21.2;33.5
17.08.18;18.37;1423;46.85;66.4;21.03;33.82
20.08.18;18.72;3399;47.35;66.7;21.16;34.14
21.08.18;19.55;3489;47.45;68.9;21.24;33.72
22.08.18;20.04;2332;47.95;68.5;21.34;33.76
23.08.18;20.62;6579;48.85;68.1;21.67;34.5
24.08.18;20.95;5775;49.17;68.5;21.61;34.48
27.08.18;21.57;818;50.05;68.5;21.7;34.26
28.08.18;20.96;3177;49.65;68.4;21.72;34.12
29.08.18;21.32;2155;50.45;68.2;21.87;33.86
30.08.18;21.42;4747;50.65;68.3;21.81;34.8
31.08.18;21.35;2829;50.45;68.8;21.76;34.96
03.09.18;20.44;10352;50;69;21.86;34.6
04.09.18;20.46;4068;51;66.8;21.7;34.46
05.09.18;20.65;2733;51.6;67.6;21.21;33.96
06.09.18;21.75;2509;52.8;68.2;21.59;35.6
07.09.18;23.51;3068;54.1;66.9;21.65;36.72
10.09.18;25.57;6313;57.3;67.5;22.08;37.96
11.09.18;24.55;6122;57;66.9;22.37;39.26
12.09.18;23.32;5428;54.7;65.2;21.57;39.06
13.09.18;19.25;9056;50.9;64.8;21.52;37.84
14.09.18;20.37;12549;51.6;65.1;21.66;39.36
17.09.18;21.34;4572;53.1;65.1;21.54;39.38
18.09.18;20.63;3449;52.6;64.8;21.67;40.06
19.09.18;21.87;4110;54.15;63.1;21.36;40.38
20.09.18;22.47;5084;54.82;62.8;21.5;39.5
21.09.18;22.58;6858;54.95;63.2;21.33;39.62
24.09.18;22.92;5501;55.95;63.1;21.05;40.8
25.09.18;21.81;10851;54.55;62.4;21.15;41.52
26.09.18;20.84;16228;52.8;63.3;21.46;41.2
27.09.18;21.43;4951;53.4;62.7;21.7;41.36
28.09.18;21.81;7069;54.05;62.2;21.21;42.42
01.10.18;22.06;5015;54.65;62;20.95;43.6
02.10.18;21.68;5004;54.45;61.9;21.08;44.42
03.10.18;21.91;4150;55.2;62.9;21.18;44.78
04.10.18;22.09;6971;55.5;62;20.4;42.98
05.10.18;22.92;2639;56.25;62;18.8;43.5
08.10.18;22.86;7130;55.65;63.2;18.085;42.4
09.10.18;21.73;13892;53.95;63.1;17.645;41.82
10.10.18;20.2;19749;51.9;61.9;16.89;39.28
11.10.18;20.55;14258;52;59.7;17.305;38.94
12.10.18;21.01;7192;53.25;59.2;17.585;39.62
15.10.18;19.09;11762;51.6;59;17.475;38.84
16.10.18;19.78;18825;52.4;60.3;17.68;40
17.10.18;19.71;12841;52.3;60.3;17.535;40.18
18.10.18;20.18;14238;52.95;61.1;17.535;40.46
19.10.18;20.14;5878;53.75;61.9;18.06;41.02
22.10.18;19.41;2791;52.55;60.5;17.965;40.08
23.10.18;19.63;5637;52.6;60.2;17.87;37.74
24.10.18;20.02;6731;52.7;60.5;17.45;37.3
25.10.18;19.47;4826;52.4;60.9;17.68;37.76
29.10.18;17.01;7005;50.15;61.6;17.17;36.12
30.10.18;16.31;13114;49.4;62.1;17.145;34.9
31.10.18;16.7;11468;49.35;63.9;17.23;35.6
02.11.18;17.43;8609;49.1;63;17.815;36.5
05.11.18;17.58;4013;48.7;62.9;17.82;36.56
06.11.18;17.93;8304;48.75;63.6;17.885;37.16
07.11.18;19;5783;50.55;64.5;18.495;39.94
08.11.18;19.93;9543;50.9;64.6;18.255;38.56
09.11.18;19.86;6023;51;64.8;18.56;38.66
12.11.18;20.87;5737;53.6;63.6;18.365;40.2
13.11.18;20.51;6928;53;64.1;18.6;38.66
14.11.18;20.11;2518;52.1;64.2;18.755;40.44
15.11.18;19.4;7876;52.45;64;18.56;37.82
16.11.18;19.5;7323;51.9;65;19.055;38.24
19.11.18;19.31;2923;50.6;65;19.2;36.6
20.11.18;19.84;7349;50.95;65.1;19.12;35.86
21.11.18;20.87;8848;51.8;65;19.22;36.56
22.11.18;21.3;6554;52.5;65.2;19.19;35.26
23.11.18;20.58;11374;52;65.4;18.96;35.5
26.11.18;20.19;3717;51.55;66.1;19.44;36.62
27.11.18;19.96;3775;52.1;67.5;19.4;35.44
28.11.18;19.64;5060;51.6;67.7;19.415;35.38
29.11.18;20.36;6946;52;67.9;19.06;35.66
30.11.18;20.84;3796;52.2;67.9;19.125;36.12
03.12.18;20.99;6893;52.4;69.5;19.34;36.78
04.12.18;21.08;8921;52.1;69.6;18.98;37.64
05.12.18;20.02;6597;51.2;70.3;19.45;37.18
06.12.18;20.33;10518;51.4;69.9;19.035;36.64
07.12.18;20.64;5933;51.6;71.6;18.905;36.64
10.12.18;21.21;12159;52.25;70.3;18.6;36.02
11.12.18;20.51;15432;52.3;70.4;18.67;37.66
12.12.18;21.83;23938;53.3;70.3;19.26;39.48
13.12.18;22.67;24491;54.5;70.1;19.56;39.68
14.12.18;23.72;24176;55.55;69.6;19.415;39.72
17.12.18;24.6;24325;56.25;69.4;19.095;39.64
18.12.18;24.33;26100;55.15;69.3;19.13;39
19.12.18;24.62;17738;55.6;69.2;19.135;39.08
20.12.18;24.47;18116;55.15;68.7;18.935;38.46
21.12.18;24.92;9237;55.65;68.2;18.85;38.14
27.12.18;25.01;8340;54.55;67.4;18.52;36.34
28.12.18;24.98;7719;54.6;68.7;18.965;37.24
03.01.19;23.32;27065;48;71.4;19.575;38.04
04.01.19;23.73;23499;49.15;70.4;19.96;38.94
07.01.19;22.25;32419;47.25;69.7;19.91;39.14
08.01.19;22.84;17290;48.05;71.9;20.01;39.96
09.01.19;22.03;31182;47.65;70;19.935;40.14
10.01.19;22.11;24974;47.65;70.3;20.28;41.14
11.01.19;22.74;14780;48.25;70.6;20.17;41.74
14.01.19;22.55;17946;47.8;70.2;19.905;40.84
15.01.19;22.62;21989;47.8;69.5;19.935;40.5
16.01.19;23.4;35099;49.6;69.6;19.75;41.7
17.01.19;23.67;31916;50.25;71.8;19.89;42.5
18.01.19;24.86;28049;51;71.5;20.24;43.92
21.01.19;24.47;16617;50.65;69.9;19.675;43.3
22.01.19;25.21;20102;51.4;68.9;19.545;43.26
23.01.19;24.72;23001;51.2;69.9;20.6;43.7
24.01.19;24.07;19738;50.2;71.1;21.51;44.18
25.01.19;23.93;18744;50.15;69.1;21.27;42.7
28.01.19;22.77;31816;49.1;67.9;21.31;42.5
29.01.19;23.39;26341;49.9;69;21.56;43.68
30.01.19;23.06;24321;49.45;69.2;21.6;45
31.01.19;22.3;24360;48.35;69.9;21.7;44.62
01.02.19;21.99;23000;48.05;70.2;21.66;44.24
04.02.19;23.06;24866;48.4;69.4;21.59;44.6
05.02.19;23.17;22142;48.3;70.4;21.63;45.06
06.02.19;23.7;26602;49.15;68.8;21.45;44.58
07.02.19;23.48;20147;48.45;69.9;21.43;44.5
08.02.19;22.37;27991;46.55;69.3;21.58;44
11.02.19;22.4;31434;46.85;70;21.97;44.12
12.02.19;20.7;36340;45;70.1;22.42;44.28
13.02.19;20.94;54173;46;68.4;22.1;42.18
14.02.19;19.78;38197;45;69.4;22.43;41.96
15.02.19;20.42;27344;46.05;68.3;22.36;42.84
18.02.19;20.01;20586;45.5;68.2;22.31;42.7
19.02.19;20.21;20244;46.25;67.7;22.36;43.18
20.02.19;20.48;18801;47.15;68.1;22.41;44.14
21.02.19;18.8;41533;45.55;68.3;22.01;41.42
22.02.19;18.94;27584;45.35;69;21.94;41
25.02.19;19.24;29860;45.33;67.9;21.78;40.92
26.02.19;19.66;28428;45.7;68.8;21.98;41.98
27.02.19;21.27;35664;47.25;67.9;21.47;41.76
28.02.19;21.69;30455;47.95;67.3;21.5;42.32
01.03.19;22.28;24982;48.05;67.9;21.65;42.24
04.03.19;23.13;23270;49.2;67.8;21.41;42.48
05.03.19;22.94;18420;48.3;67;21.53;42.64
06.03.19;22.13;23995;47.05;65.9;21.26;41.5
07.03.19;23.27;24139;48.3;66.9;21.55;42.8
08.03.19;23.02;21481;47.9;67.1;21.64;42.68
11.03.19;22.28;19782;47.15;66.4;21.74;43.28
12.03.19;22.33;26542;47.1;66.2;22.08;44
13.03.19;22.28;19787;46.55;66.2;21.66;41.92
14.03.19;22.74;20387;47.05;66.5;22.02;42.76
15.03.19;22.47;19269;46.25;65.9;22.36;43.48
18.03.19;21.82;22463;45.95;66.3;22.51;42.26
19.03.19;21.12;20527;45.3;69;22.33;41.64
20.03.19;21.64;54912;46.1;68.3;22.23;41.74
21.03.19;20.94;30748;45.1;68.1;22.99;43.28
22.03.19;20.67;26255;45;68.7;23.58;43.36
25.03.19;20.94;30243;44.95;68.5;24.21;43.3
26.03.19;21.54;31941;46.25;67.5;23.88;43.94
27.03.19;21.85;29099;46.75;66.6;23.98;43.04
28.03.19;22.26;19856;46.61;66.8;23.81;43.08
29.03.19;21.54;18681;45.8;67.9;23.92;42.78
01.04.19;21.91;17293;45.65;68.5;23.73;43.02
02.04.19;22.01;18318;45.45;67.6;23.81;42.68
03.04.19;23.16;22762;46.9;66.7;23.96;43.7
04.04.19;24.44;30788;48.6;66.8;23.74;44.08
05.04.19;24.6;33376;49.6;67.6;23.91;45.9
08.04.19;24.31;24898;48.8;67.9;23.68;43.78
09.04.19;25.53;31085;50.25;67.3;23.8;43.74
10.04.19;26.13;48334;50.1;67.3;24.08;45.16
11.04.19;27.32;34208;51.3;67.3;23.72;45.18
12.04.19;26.58;23189;50.4;65.7;23.67;44.52
15.04.19;26.81;19611;50.1;67;23.54;44.64
16.04.19;27;21855;49.9;66.4;22.96;44
17.04.19;27.46;18513;50.8;65;22.94;43.88
18.04.19;26.89;15148;49.8;65.5;22.94;43.94
23.04.19;27.53;21108;50.8;66.3;22.93;44
24.04.19;27.4;23753;50.2;66;22.74;43.94
25.04.19;27.28;22926;50.5;65.3;22.63;43.48
26.04.19;25.85;26523;49;64.8;22.76;42.42
29.04.19;26.38;15423;49.1;65;22.59;44.12
30.04.19;26.29;13712;49.15;64.9;22.83;44.22
02.05.19;24.7;28050;47.85;65.6;22.45;43.46
03.05.19;25.2;17315;48.5;64.7;22.6;44.26
06.05.19;25.33;5767;48.8;64.5;21.59;43.96
07.05.19;26.4;19293;49.15;64.6;21.87;43.88
08.05.19;26.91;20831;50.2;65;22.05;44.34
09.05.19;26.5;19339;49.2;64.6;21.84;43.46
10.05.19;25.62;25616;48.35;64.7;22.26;44.1
13.05.19;25.03;20211;47.8;63.6;22.08;44.22
14.05.19;25.89;18225;48.9;63.9;22.69;45.76
15.05.19;25.97;18252;49.15;64.9;23.3;46.62
16.05.19;25.57;19269;48.45;66;23.56;46.44
17.05.19;25;21887;48.1;66.1;23.38;47.24
20.05.19;25.2;15662;47.95;65.7;23.33;46.5
21.05.19;25.38;17489;48.05;66.3;23.19;46.96
22.05.19;26.37;23522;48.9;66.8;23.28;46.94
23.05.19;26.06;22608;48.5;67.7;22.94;45.8
24.05.19;25.47;20458;48.1;69;22.92;46.48
27.05.19;25.59;4007;48.4;69.1;22.83;46.66
28.05.19;25.48;19135;48.65;66.6;22.61;45.6
29.05.19;25.53;13203;48.2;65.8;22.35;45.36
31.05.19;24.46;20242;46.75;66.2;22.32;44.8
03.06.19;23.74;22319;46.1;66.8;22.17;45.58
04.06.19;24.56;23632;47.1;66.8;22.46;45.1
05.06.19;24.25;22400;46.4;66.5;22.64;45.22
06.06.19;23.98;22995;46.5;67.3;23.09;45.72
07.06.19;24.51;18204;47.6;67.4;23.5;46.18
11.06.19;24.98;19678;47.4;67.4;23.18;46.44
12.06.19;24.82;13989;46.75;67.4;23.06;46.32
13.06.19;24.96;18676;47.3;66.9;22.76;45.54
14.06.19;25.05;14133;47.4;66.2;22.84;45.86
17.06.19;25.02;11678;47.2;65.7;22.7;45.6
18.06.19;25.12;17870;46.7;65.9;23.49;47.28
19.06.19;24.96;22701;46.4;65.6;22.9;46.52
20.06.19;25.1;15735;46.8;66.7;22.85;46.84
21.06.19;25.3;15332;47.6;66;22.68;47.4
24.06.19;26.37;29516;48.8;66.3;21.92;47.26
25.06.19;26.41;33339;48.5;66;21.98;48
26.06.19;27.39;22347;49.45;64.7;21.62;47.34
27.06.19;26.89;21770;49.05;65.3;21.48;46.6
28.06.19;26.28;20812;48.6;65.2;21.59;46
01.07.19;26.92;18697;49.05;65.2;21.92;45.3
02.07.19;26.72;21068;48.5;66.5;22.27;46.8
03.07.19;26.51;17477;48.25;66.8;22.71;47.3
04.07.19;26.01;16588;48.25;66.9;22.87;46.5
05.07.19;26.38;16259;48.95;65.5;22.89;45.62
08.07.19;26.81;15685;49.9;66.1;22.83;46.44
09.07.19;26.56;14949;49.35;66.3;22.79;46.56
10.07.19;28.19;36866;51.05;66.8;22.78;47.04
11.07.19;28.29;27091;51.59;67.3;22.96;48.02
12.07.19;28.79;20720;52.45;67.3;22.96;47.84
15.07.19;29.05;25554;52.35;67.6;23.45;48.44
16.07.19;28.47;22383;51.35;67.3;23.37;48.26
17.07.19;28.47;20470;51.85;67.3;23.44;48.54
18.07.19;27.78;20777;50.95;66.3;23.78;48.72
19.07.19;28.89;21445;52.55;67;23.78;49.18
22.07.19;28.99;22503;52.4;66.9;24.15;49.88
23.07.19;29.81;22317;53.25;66.3;24.01;50.2
24.07.19;29.19;16640;52.05;65.3;24.16;51
25.07.19;29.02;21773;52.05;64.8;24.31;50.55
26.07.19;28.29;19547;51.5;64.3;24.39;50.8
29.07.19;28.42;19079;51.1;64.1;24.43;50.4
30.07.19;27.9;22808;50.65;63.2;24.25;50.15
31.07.19;27.98;20795;50.85;64.4;24.42;50.6
02.08.19;29.26;15342;51.8;64.8;25.04;53
05.08.19;28.7;13311;50.7;63.8;24.33;52.3
06.08.19;28.41;14653;50.2;63.5;25.08;52.4
07.08.19;28.28;18486;49.95;64.6;25.36;51.8
08.08.19;28.53;17925;50.65;64.6;25.69;52.9
09.08.19;28.12;16421;49.9;64.6;25.67;53.55
12.08.19;26.7;26946;48.75;64.1;25.3;53.5
13.08.19;27.1;22549;49.15;63.1;25.42;53.05
14.08.19;26.91;23126;48.75;62.6;25.42;52.75
15.08.19;25.98;27944;48.15;62.2;25.41;53.1
16.08.19;25.96;18538;48;63;25.59;53.8
19.08.19;26.56;17105;48.5;63.2;25.51;54.1
20.08.19;26.25;16622;48.1;62.5;25.17;54
21.08.19;26.02;18212;47.9;62.3;25.62;55
22.08.19;25.66;25125;47.5;63.1;25.4;54.25
23.08.19;25.1;23774;46.95;62.7;25.15;54
26.08.19;25.83;10363;47.55;62.4;25.33;54.15
27.08.19;25.41;16180;46.9;63;25.88;54.5
28.08.19;26.01;26134;47;63.6;25.68;54.25
29.08.19;26.46;39435;48.05;64.4;25.79;54.25
30.08.19;26.32;21097;47.52;64.6;25.92;54.15
02.09.19;25.19;26276;46.8;64.3;27.1;54.8
03.09.19;25.23;32718;46.85;75.2;27.07;54.55
04.09.19;25.52;24754;46.95;75.5;27.15;55.25
05.09.19;25.53;25338;47.82;74;26.5;54.15
06.09.19;25.08;22838;47.55;74.8;26.74;53.1
09.09.19;25.02;24159;47.8;74.5;26.28;51.45
10.09.19;26.72;44946;50.5;73.9;26.27;51.45
11.09.19;26.27;41087;49.5;72.1;26.3;51.25
12.09.19;26.43;23730;49.85;73;26.52;52.2
13.09.19;26.38;22876;49.65;72;26.13;50.45
16.09.19;27.04;17550;51.7;71.2;25.91;51.55
17.09.19;26.22;21747;50.3;72.8;26.32;52.45
18.09.19;25.45;23945;49.15;73.5;26.83;52.05
19.09.19;25.95;21820;49.5;73.2;27.24;51.95
20.09.19;26.53;24222;50.35;73.4;28.25;51.85
23.09.19;25.8;17532;49.4;72.5;28.61;51.55
24.09.19;25.54;17960;48.9;72.5;28.15;51.9
25.09.19;25.21;22360;48.25;72.1;27.99;50.45
26.09.19;25.64;17176;48.6;72.7;28.34;50.75
27.09.19;25.3;16800;48;74.2;28.48;50.65
30.09.19;24.72;19066;47.4;74.1;28.64;50.2
01.10.19;25.04;23723;48;74.6;28.14;50.1
02.10.19;24.19;20121;47;73.6;27.47;48.9
03.10.19;23.24;41373;46.3;73.2;27.71;47.96
04.10.19;22.94;21851;46.2;73.9;28.35;48.56
07.10.19;23.41;20056;46.6;73.9;28.05;47.8
08.10.19;22.53;25764;46.25;73.5;27.72;47.28
09.10.19;22.65;30125;46.75;73.4;27.67;47.18
10.10.19;23.26;25627;47.3;72.5;27.15;46.9
11.10.19;24.44;32416;48.25;73.5;26.92;48.3
14.10.19;24.15;15874;48;73.7;27.21;48.4
15.10.19;25.71;26589;48.7;73.8;27.63;49.2
16.10.19;26.3;28567;48.8;74.1;27.39;48.52
17.10.19;26.06;29377;48.3;73.8;27.32;49.66
18.10.19;25.88;15519;48.4;73.7;27.39;48.86
21.10.19;25.93;12661;48.05;74.6;27.16;48.28
22.10.19;25.66;16468;47.5;74.6;27.45;49.5
23.10.19;24.75;22863;46.7;74.6;27.84;48.54
24.10.19;25.44;17748;47.35;74.4;28.05;48.86
25.10.19;24.97;17008;46.75;73.1;27.57;48.64
28.10.19;25.12;14248;46.55;73.4;27.36;48.5
29.10.19;25.45;23710;46.55;72.8;26.88;48.5
30.10.19;26;19644;46.8;73;27.17;48.76
31.10.19;25.61;16789;46.45;72.8;27.41;48.5
01.11.19;25.29;16317;46.5;71.9;27.75;48.74
04.11.19;25.63;17787;46.65;72.3;27.51;48.22
05.11.19;25.51;16967;46.95;71.7;26.73;47.26
06.11.19;24.79;20199;46.1;72.1;26.86;45.6
07.11.19;24.94;14741;46.15;69.8;25.95;44.78
08.11.19;24.84;17924;45.9;71.7;26.15;44.86
11.11.19;24.93;15801;45.75;71.1;26.02;44.9
12.11.19;24.12;31881;45.3;70.2;26.33;45
13.11.19;24.39;19385;45.45;70;26.47;45.56
14.11.19;23.96;29040;45.55;70.6;25.74;44.88
15.11.19;23.85;20348;45.45;71.6;25.72;44.78
18.11.19;23.39;19375;44.7;72.4;26.6;45.1
19.11.19;23.44;25726;44.85;71.9;26.38;44.2
20.11.19;24.03;21057;45.25;72.4;26.42;44.76
21.11.19;23.91;15662;45.4;71.7;26.48;45.36